title,description,ref_link,priority,item,item_type,chain_id,address,addresses,timestamp
Risky Warning,"Detected suspicious activities for the pancakeswap or uniswap, the K rate is changed significantly.",https://explorer.phalcon.xyz/tx/bsc/0x7874afde3b828a0f5972edc07a7fb9670aaceff327d3bb000681e05ee3ba92aa ,2,0x7874afde3b828a0f5972edc07a7fb9670aaceff327d3bb000681e05ee3ba92aa,tx_hash,56,0x184e445647bbe7f46042d695c5c151063bffb0c7,0x184e445647bbe7f46042d695c5c151063bffb0c7;0x10ed43c718714eb63d5aa57b78b54704e256024e,1724197050
Risky Warning,Detected addresses with suspicious behaviors,https://explorer.phalcon.xyz/tx/bsc/0xc9adb8814100cbe0caac06e6758182483e36fabb2d5f76be7ff77ace2b2187bb ,2,0xc9adb8814100cbe0caac06e6758182483e36fabb2d5f76be7ff77ace2b2187bb,tx_hash,56,0x11bae7ceb3a091106b929938a471ac5ca77fa24e,0x184e445647bbe7f46042d695c5c151063bffb0c7;0x11bae7ceb3a091106b929938a471ac5ca77fa24e,1724197049
Risky Warning,Detected addresses with suspicious behaviors,https://explorer.phalcon.xyz/tx/bsc/0x7874afde3b828a0f5972edc07a7fb9670aaceff327d3bb000681e05ee3ba92aa ,2,0x7874afde3b828a0f5972edc07a7fb9670aaceff327d3bb000681e05ee3ba92aa,tx_hash,56,0x184e445647bbe7f46042d695c5c151063bffb0c7,0x184e445647bbe7f46042d695c5c151063bffb0c7,1724197049
Risky Warning,Detected addresses with suspicious behaviors,https://explorer.phalcon.xyz/tx/bsc/0x7874afde3b828a0f5972edc07a7fb9670aaceff327d3bb000681e05ee3ba92aa ,2,0x7874afde3b828a0f5972edc07a7fb9670aaceff327d3bb000681e05ee3ba92aa,tx_hash,56,0x184e445647bbe7f46042d695c5c151063bffb0c7,0x184e445647bbe7f46042d695c5c151063bffb0c7;0x10ed43c718714eb63d5aa57b78b54704e256024e;0xb50cb3a6738c19b01610834c7589c538ae6c85cb,1724197049
Risky Warning,Detected addresses with suspicious behaviors,https://explorer.phalcon.xyz/tx/bsc/0x2162300d1ee82d789f3f95a15653bc2411ffee82ca248d638ba76a83627065ae ,2,0x2162300d1ee82d789f3f95a15653bc2411ffee82ca248d638ba76a83627065ae,tx_hash,56,0x184e445647bbe7f46042d695c5c151063bffb0c7,0x184e445647bbe7f46042d695c5c151063bffb0c7;0xb50cb3a6738c19b01610834c7589c538ae6c85cb,1724197049
Risky Warning,"Detected a priviledged rugpull. When transferFrom() function called, the from address's token change is 0",https://explorer.phalcon.xyz/tx/bsc/0x7874afde3b828a0f5972edc07a7fb9670aaceff327d3bb000681e05ee3ba92aa ,2,0x7874afde3b828a0f5972edc07a7fb9670aaceff327d3bb000681e05ee3ba92aa,tx_hash,56,0x184e445647bbe7f46042d695c5c151063bffb0c7,0x184e445647bbe7f46042d695c5c151063bffb0c7;0x10ed43c718714eb63d5aa57b78b54704e256024e,1724197048
Risky Warning,Detected a rugpull on a token (from DEX),https://explorer.phalcon.xyz/tx/bsc/0x7874afde3b828a0f5972edc07a7fb9670aaceff327d3bb000681e05ee3ba92aa ,3,0x7874afde3b828a0f5972edc07a7fb9670aaceff327d3bb000681e05ee3ba92aa,tx_hash,56,0x184e445647bbe7f46042d695c5c151063bffb0c7,0x184e445647bbe7f46042d695c5c151063bffb0c7;0x10ed43c718714eb63d5aa57b78b54704e256024e;0xb50cb3a6738c19b01610834c7589c538ae6c85cb,1724197046
