title,description,ref_link,priority,item,item_type,chain_id,address,addresses,timestamp
Risky Warning,"Detected a project minting a high volume of supply, potentially signaling rug pull risks",https://etherscan.io/tx/0xcb487b5c4185389320a06d813ca73c7242ff761411f8c5f029cdfce3819fe9ad,2,0xa0b86991c6218b36c1d19d4a2e9eb0ce3606eb48,address,1,0xa0b86991c6218b36c1d19d4a2e9eb0ce3606eb48,0x5b6122c109b78c6755486966148c1d70a50a47d7;0xa0b86991c6218b36c1d19d4a2e9eb0ce3606eb48;0x55fe002aeff02f77364de339a1292923a15844b8,1724803002
Risky Warning,"Detected suspicious activities for the pancakeswap or uniswap, the K rate is changed significantly.",https://explorer.phalcon.xyz/tx/bsc/0x5e3dd7c7414019dbde4c7a625a001c654124f8031d80802eff334f90d9c55420 ,2,0x5e3dd7c7414019dbde4c7a625a001c654124f8031d80802eff334f90d9c55420,tx_hash,56,0x40aeb0c58626e8afa1f44f21ed825d2d17f8de99,0x40aeb0c58626e8afa1f44f21ed825d2d17f8de99;0x10ed43c718714eb63d5aa57b78b54704e256024e,1724801621
Risky Warning,Detected addresses with suspicious behaviors,https://explorer.phalcon.xyz/tx/bsc/0xfb9b65fb58027bb4343d2dfcf18133ef00b86141cfdebb3a505bd0114d275458 ,2,0xfb9b65fb58027bb4343d2dfcf18133ef00b86141cfdebb3a505bd0114d275458,tx_hash,56,0x7777aa46793b1e943754a8c3fc34078e6936ebe7,0x40aeb0c58626e8afa1f44f21ed825d2d17f8de99;0x7777aa46793b1e943754a8c3fc34078e6936ebe7,1724801620
Risky Warning,Detected addresses with suspicious behaviors,https://explorer.phalcon.xyz/tx/bsc/0xc196ebe05d60c220c2f1fe255d0b238ba5448be5036db680b6b61425561e5f3f ,2,0xc196ebe05d60c220c2f1fe255d0b238ba5448be5036db680b6b61425561e5f3f,tx_hash,56,0x40aeb0c58626e8afa1f44f21ed825d2d17f8de99,0x40aeb0c58626e8afa1f44f21ed825d2d17f8de99;0x526dd7b25772dc9758d06f7e740552123cf35d97,1724801620
Risky Warning,Detected addresses with suspicious behaviors,https://explorer.phalcon.xyz/tx/bsc/0x5e3dd7c7414019dbde4c7a625a001c654124f8031d80802eff334f90d9c55420 ,2,0x5e3dd7c7414019dbde4c7a625a001c654124f8031d80802eff334f90d9c55420,tx_hash,56,0x40aeb0c58626e8afa1f44f21ed825d2d17f8de99,0x40aeb0c58626e8afa1f44f21ed825d2d17f8de99;0x10ed43c718714eb63d5aa57b78b54704e256024e,1724801620
Risky Warning,Detected addresses with suspicious behaviors,https://explorer.phalcon.xyz/tx/bsc/0x5e3dd7c7414019dbde4c7a625a001c654124f8031d80802eff334f90d9c55420 ,2,0x5e3dd7c7414019dbde4c7a625a001c654124f8031d80802eff334f90d9c55420,tx_hash,56,0x40aeb0c58626e8afa1f44f21ed825d2d17f8de99,0x40aeb0c58626e8afa1f44f21ed825d2d17f8de99,1724801620
Risky Warning,"Detected a priviledged rugpull. When transferFrom() function called, the from address's token change is 0",https://explorer.phalcon.xyz/tx/bsc/0x5e3dd7c7414019dbde4c7a625a001c654124f8031d80802eff334f90d9c55420 ,2,0x5e3dd7c7414019dbde4c7a625a001c654124f8031d80802eff334f90d9c55420,tx_hash,56,0x40aeb0c58626e8afa1f44f21ed825d2d17f8de99,0x40aeb0c58626e8afa1f44f21ed825d2d17f8de99;0x10ed43c718714eb63d5aa57b78b54704e256024e,1724801619
Risky Warning,Detected a rugpull on a token (from DEX),https://explorer.phalcon.xyz/tx/bsc/0x5e3dd7c7414019dbde4c7a625a001c654124f8031d80802eff334f90d9c55420 ,3,0x5e3dd7c7414019dbde4c7a625a001c654124f8031d80802eff334f90d9c55420,tx_hash,56,0x40aeb0c58626e8afa1f44f21ed825d2d17f8de99,0x40aeb0c58626e8afa1f44f21ed825d2d17f8de99;0x10ed43c718714eb63d5aa57b78b54704e256024e;0x526dd7b25772dc9758d06f7e740552123cf35d97,1724801618
Risky Warning,"Detected suspicious activities for the pancakeswap or uniswap, the K rate is changed significantly.",https://explorer.phalcon.xyz/tx/bsc/0x701d34e917537fd1838db0610ec4b820a77e5246241699112d49bd1386395c80 ,2,0x701d34e917537fd1838db0610ec4b820a77e5246241699112d49bd1386395c80,tx_hash,56,0x2a9cd79a2401ea6d979a6ff37d2cf562a519efc7,0x2a9cd79a2401ea6d979a6ff37d2cf562a519efc7;0x10ed43c718714eb63d5aa57b78b54704e256024e,1724801486
Risky Warning,"Detected a priviledged rugpull. When transferFrom() function called, the from address's token change is 0",https://explorer.phalcon.xyz/tx/bsc/0x701d34e917537fd1838db0610ec4b820a77e5246241699112d49bd1386395c80 ,2,0x701d34e917537fd1838db0610ec4b820a77e5246241699112d49bd1386395c80,tx_hash,56,0x2a9cd79a2401ea6d979a6ff37d2cf562a519efc7,0x2a9cd79a2401ea6d979a6ff37d2cf562a519efc7;0x10ed43c718714eb63d5aa57b78b54704e256024e,1724801484
