date	rank	address	last_7days_address	last_7days_tx_hash	risk_level
2023-07-13	1	0xffe811714ab35360b67ee195ace7c10d93f89d8c	118888	143300	5
2023-07-13	2	0xc198c3b7b970cbac315614cf27a1b7eb332048d6	83886	83886	3
2023-07-13	3	0x2258cdbae4ceb1f5c56c809bb66bc8dd4919cb77	75791	222970	4
2023-07-13	4	0xdb88157fea75a78a2516e6b9f06ed705dca97b8f	65537	97724	4
2023-07-13	5	0x2eeff21c71ae38f9c34496cd9250c0d186dcd988	57548	62153	3
2023-07-13	6	0x75ca521892de7f2ecfb070cab545c250d0ceb7e3	33573	37800	5
2023-07-13	7	0x4d1e90ab966ae26c778b2f9f365aa40abb13f53c	33429	88980	3
2023-07-13	8	0x3549a60c696eb31dcedad3fa9e7703ff21069c92	26951	26951	4
2023-07-13	9	0xa9d37744feb03dfe65eaf00b84547ed7ca9be24a	18911	25144	5
2023-07-13	10	0x45c36b3ee5f6c9b4b494515b21a59b8b78336536	18674	19012	4
2023-07-13	11	0x685bfdd3c2937744c13d7de0821c83191e3027ff	18294	25061	5
2023-07-13	12	0x13fd16538ff8b3aea324bc4d2863eb9ea78e1691	16491	28359	3
2023-07-13	13	0xd2ccc9ee7ea2ccd154c727a46d475dda49e99852	14616	22961	3
2023-07-13	14	0x2ab0e9e4ee70fff1fb9d67031e44f6410170d00e	14602	16295	4
2023-07-13	15	0x4fe59adcf621489ced2d674978132a54d432653a	14089	16102	5
2023-07-13	16	0x1a8f43e01b78979eb4ef7febec60f32c9a72f58e	13500	32528	4
2023-07-13	17	0x9a2478c4036548864d96a97fbf93f6a3341fedac	13207	55584	5
2023-07-13	18	0x4cb680a2589d742c30556e359a352f9c511eef54	11596	13128	4
2023-07-13	19	0x807f16eba4a2c51b86cb8ec8be8eab34305c2bfd	10709	10718	3
2023-07-13	20	0xac90d1742bc55f896b6fd1f2e1a1381d0c1c3adc	9422	10314	4
2023-07-13	21	0x98f39d0f8c67885071cc99c5af1d4cacbcc89b0c	9226	12285	4
2023-07-13	22	0x2d1cfbb3468f78f916cca25f050d44b6115392e0	9006	46671	5
2023-07-13	23	0xf89f139dc5c950d0bd698e7e62cf23c8863c4c3f	8917	18868	3
2023-07-13	24	0x76d9a7c6164de3bc4d95ef0c011d3d22eb8b4d60	8527	9448	3
2023-07-13	25	0xb9d35811424600fa9e8cd62a0471fbd025131cb8	7457	9682	3
2023-07-13	26	0xce93f9827813761665ce348e33768cb1875a9704	7339	15409	5
2023-07-13	27	0xe19417837d8e61f17dfae2e6a11b1e4810dae2a5	7121	7622	3
2023-07-13	28	0x00000000000e8716b4e2d12400a01474cdfad760	6390	54407	4
2023-07-13	29	0xcecce97529effc360f68b3f26eef4ad74ebf5705	5866	24578	4
2023-07-13	30	0x1514c766127378ea9653f9f4428fe25f3fd256c3	5810	16637	4
2023-07-13	31	0x1f853fe0f88e3236ccc4d5feaf60b2a416a17fa5	5174	10217	4
2023-07-13	32	0x30308cef4c0b683eb1b8bcb3b518bfd15f2b720f	5090	5123	4
2023-07-13	33	0x3f32d3eaabdcb3a9fe8101e58cf40621b7d43e15	4942	10428	4
2023-07-13	34	0x224b239b8bb896f125bd77eb334e302a318d9e33	4922	5713	5
2023-07-13	35	0x625b02b687ec38f3085af5b108dda410775fa76a	4670	6478	4
2023-07-13	36	0xa676fe44219b0fffa74696b3f129c547115b5e57	4527	4541	5
2023-07-13	37	0x20f663cea80face82acdfa3aae6862d246ce0333	4514	8232	5
2023-07-13	38	0xb0fb5739da1198329b0241cb6721da22805cbecc	4364	4377	5
2023-07-13	39	0xf4a510a6b294a656f0afc2eed3f2868965c57bb1	4134	5160	4
2023-07-13	40	0xe9aa536d373adc29d0a40788eb29b706ea101413	4047	4446	4
2023-07-13	41	0x4727250679294802377dd6ca6541b8e459077c95	4043	4843	4
2023-07-13	42	0x08a4a3ca4f093094f46e00ca2796dc149c06ba35	3819	5795	4
2023-07-13	43	0xe039e62f3be1577fde9372eff845b936d26cd457	3782	4723	3
2023-07-13	44	0x1ee4a7a62726fdd1ede780f90fd2a77f53f5ba78	3746	3870	4
2023-07-13	45	0x4238e5ccc619dcc8c00ade4cfc5d3d9020b24898	3665	5417	4
2023-07-13	46	0x3bfe12d0b3d67103e0e7e9841ba9d8a56cb67847	3603	3664	4
2023-07-13	47	0xa9ea52d60111073e34fad966c03f70684e5b205d	3596	3883	4
2023-07-13	48	0x2264ef93d636d18e5c40b4262286147888222222	3556	4063	4
2023-07-13	49	0xdedbd1804569f369e33e453ee311f0f97dcd0bde	3541	6320	4
2023-07-13	50	0x37fed4ee9c400eb4bcdfa0815430850d0abc1caf	3400	6815	4
2023-07-13	51	0x65efb57c57c0b870f378ba08ee6ba305ca14491f	3320	5524	5
2023-07-13	52	0x45e0fc846d3d88a3a4d02b50f4ad7025c5ed776e	3260	4105	4
2023-07-13	53	0x0ec3e9e7a7a33a1138ee2062c1bfc3c582d35cfd	3108	3742	4
2023-07-13	54	0xe4bc173454b1dfe65139565681a52fd4fd05e779	3017	4053	4
2023-07-13	55	0x81ca982222115c1a16141615b6061967c873cb3c	3005	3252	4
2023-07-13	56	0x2caa4694cb7daf7d49a198dc1103c06d4991ae52	2993	3092	5
2023-07-13	57	0xd91a5f4553b3f3a8c6459d433044ff2694381041	2985	5008	3
2023-07-13	58	0x9d379e2d4bdcd59503390a57078c1bf821d5742a	2964	3404	3
2023-07-13	59	0x84b221ac6c1a21a2ad8d477ecf313d4dc5b4cc56	2884	3824	3
2023-07-13	60	0xc4742f0628a0e9961cc64d85854aa053bd54829d	2872	9691	3
2023-07-13	61	0xb86126b872e3f23bc62d6a4a3152ec65202a2073	2847	4910	4
2023-07-13	62	0x9b9d2e41f0bfd259d9742d9ff74b1331b22ecccc	2801	5141	4
2023-07-13	63	0x36786c66116f2fa0b52246bcf9d2f9e982d44b03	2736	15064	4
2023-07-13	64	0x26cd6f25f0454898d27bd5701a316a11c77dabcb	2698	3268	3
2023-07-13	65	0x11c7493e8a7cdfca348764fbc0d4292762c27c62	2609	3125	3
2023-07-13	66	0xaa057c8e93ba269e8c1a1cf586569336c74acf40	2608	13795	4
2023-07-13	67	0x3ab7014d0e896a8e486fbf5bc590eeb93d6f44bf	2428	2940	3
2023-07-13	68	0xe2ecc66e14efa96e9c55945f79564f468882d24c	2316	3614	3
2023-07-13	69	0x6575443102ab031e459b2d352398a00550a9a668	2295	4834	4
2023-07-13	70	0xc9483028ac69d7386cb865de9f09ac9ddaa6d58b	2232	2909	4
2023-07-13	71	0xfaaa91e0e743139cb440e4282897c057d67ef78a	2225	7452	4
2023-07-13	72	0xc0752c6f2a919d4a48eb5037189d55d0c7f67b43	2179	2181	4
2023-07-13	73	0x08787f16314c4c9b4a80cde01854802d4a55c6ab	2170	2200	4
2023-07-13	74	0x11a1764c877837921eca6f3f58cdbe9bcd4e9e5e	2156	2983	5
2023-07-13	75	0x893678db59da7b8bedff766932ea017904dff2b6	2137	2662	3
2023-07-13	76	0x3cd763d4c63b616d2b9738b0dc36508fd9e0cd2d	2136	3058	4
2023-07-13	77	0x15433bec944cefff799c7de1dfee43f35001dc92	2134	3158	4
2023-07-13	78	0x98872a66d0749c720d8dc1a80d496b24b04ff7c5	2133	2207	5
2023-07-13	79	0x325b3a358916f863fe4c9d758367cbfb48a89cd6	2069	3096	4
2023-07-13	80	0x3ce32d6fe7108b62f6ae1dd079a38acee2858c7e	2061	13549	4
2023-07-13	81	0xbecfd0bb03b34d973c0ee577d20a7f363a0e2094	2006	3300	5
2023-07-13	82	0x287481b1618dfbaac701848805910ee84a6f4ce2	1934	3909	4
2023-07-13	83	0xef2b07b1fec00caccdd8dadeaa25900c808ca3dd	1842	4398	4
2023-07-13	84	0x1218a7ea219c46c40a6774ad713645a6748d9f7a	1798	6305	3
2023-07-13	85	0xb594e99c53f1a53af5d2f15cedc95cf02b9b8e07	1791	2211	4
2023-07-13	86	0xb591bcf80709b8a2010bff334ffe1f79bc4ce615	1788	1915	4
2023-07-13	87	0x1f8a98be5c102d145ac672ded99c5be0330d7e4f	1776	2917	4
2023-07-13	88	0x5a87771c0522191ed915fb669b04470d801fae1c	1727	2668	3
2023-07-13	89	0xb550d4057ee92a9f1b0e88af55034a788c2010a9	1726	2009	3
2023-07-13	90	0xa59cd67ccf5bab8ff78a05a6f0a8215ed8888888	1723	2149	3
2023-07-13	91	0x64e73de8dd5ff27b4c5d52401224ac1da08323ef	1717	2142	3
2023-07-13	92	0x19a00e359990ec7daf6e9dd9a2fb7664014bb5f7	1710	1863	5
2023-07-13	93	0x0000000000016a723d0d576df7dc79ec149ac760	1691	67336	4
2023-07-13	94	0x1fc71fe3e333d5262828f3d348c12c7e52306b8a	1645	1731	4
2023-07-13	95	0x42dabca1af369fbd9e8ea286dafba45b23fc92d9	1600	1856	4
2023-07-13	96	0x7f9ad7a5854658d984924e868187b2135514fb88	1582	1927	3
2023-07-13	97	0x4a9e54fd1bef556c7d0d6d20b9f8dab886417e05	1562	2107	3
2023-07-13	98	0x000011387eb24f199e875b1325e4805efd3b0000	1536	1703	5
2023-07-13	99	0x00000000004e660d7929b04626bbf28cbecce534	1508	29264	4
2023-07-13	100	0x0000000000f83bf708c3e3bd57f24411f6fc67f5	1495	15954	4