title,description,ref_link,priority,item,item_type,chain_id,address,addresses,timestamp
Risky Warning,A high-risk address was detected in BC Fusion's Undelegated event,https://bscscan.com/tx/0x4c666f1373249b5e391cc987a687e2a08ad40a06a188039bcfe033210c4fab2e#eventlog,3,,address,56,,0x5ce119c093cfe978dcfd00e09e173fb97685069e;0xfe0c0d9b8894c6086ddb27b7d9ed6694c028bc96,1727568606
Risky Warning,"Detected suspicious activities for the pancakeswap or uniswap, the K rate is changed significantly.",https://explorer.phalcon.xyz/tx/bsc/0xa6ba7a8a2b631702b3842199a6d2bdecb1d55a05013bdd73a8595ff90f1b0dc5 ,2,0xa6ba7a8a2b631702b3842199a6d2bdecb1d55a05013bdd73a8595ff90f1b0dc5,tx_hash,56,0x2121af39efcefe3294275f42b82e38993dc1f65e,0x2121af39efcefe3294275f42b82e38993dc1f65e;0x10ed43c718714eb63d5aa57b78b54704e256024e,1727567178
Risky Warning,"Detected a priviledged rugpull. When transferFrom() function called, the from address's token change is 0",https://explorer.phalcon.xyz/tx/bsc/0xa6ba7a8a2b631702b3842199a6d2bdecb1d55a05013bdd73a8595ff90f1b0dc5 ,2,0xa6ba7a8a2b631702b3842199a6d2bdecb1d55a05013bdd73a8595ff90f1b0dc5,tx_hash,56,0x2121af39efcefe3294275f42b82e38993dc1f65e,0x2121af39efcefe3294275f42b82e38993dc1f65e;0x10ed43c718714eb63d5aa57b78b54704e256024e,1727567176
Risky Warning,"Detected a suspicious token balance update for the swap, it may be related to a hack or a rugpull",https://explorer.phalcon.xyz/tx/bsc/0x53cba18bf6c4a6d01232175725c8d62543e3d954ab232e14ea1f53213341f6c1 ,2,0x53cba18bf6c4a6d01232175725c8d62543e3d954ab232e14ea1f53213341f6c1,tx_hash,56,0xb9c75c48fda6e1dc1b25de6a01a554d08659e260,0xb9c75c48fda6e1dc1b25de6a01a554d08659e260;0x10ed43c718714eb63d5aa57b78b54704e256024e,1727566815
Risky Warning,"Detected a priviledged rugpull. When transferFrom() function called, the from address's token change is 0",https://explorer.phalcon.xyz/tx/bsc/0x46fc44158ac0e07ff6279c6a1a62f4391435306505e10129fccf4d540950d75c ,2,0x46fc44158ac0e07ff6279c6a1a62f4391435306505e10129fccf4d540950d75c,tx_hash,56,0x03ecfcc479abc695b340d75ec5b9efbf766caa70,0x03ecfcc479abc695b340d75ec5b9efbf766caa70;0x10ed43c718714eb63d5aa57b78b54704e256024e,1727566635
Risky Warning,Detected a transaction between cex address and blacklisted address,https://bscscan.com/tx/0x4d579ff21b6fe5752294575aa4746b12a70e4a448fef3b9705a46ee5f143b6a8 ,2,0x4d579ff21b6fe5752294575aa4746b12a70e4a448fef3b9705a46ee5f143b6a8,tx_hash,,0x202c3c0e98e46ec19f86bdc4a43556bbdcc47938,,1727308800
Risky Warning,Detected a risky address,https://bscscan.com/address/0x422657db76ce93641f4d056162da071f99c633cd ,3,0x422657db76ce93641f4d056162da071f99c633cd,address,56,0x422657db76ce93641f4d056162da071f99c633cd,,1727274907
Risky Warning,Detected a risky address,https://bscscan.com/address/0xc69ded82f5bf902d98cd5dde6a167edd7be6daec ,3,0xc69ded82f5bf902d98cd5dde6a167edd7be6daec,address,56,0xc69ded82f5bf902d98cd5dde6a167edd7be6daec,,1727201467
Risky Warning,Detected a risky address,https://bscscan.com/address/0xb7f643abcde8a955565fefc0a340ec04545f14b0 ,3,0xb7f643abcde8a955565fefc0a340ec04545f14b0,address,56,0xb7f643abcde8a955565fefc0a340ec04545f14b0,,1727146986
Risky Warning,Detected a transaction between cex address and blacklisted address,https://bscscan.com/tx/0xf3a2de954d7f35426aa9d046184fecd28e8719e378b5d650b82a38987853dd87 ,2,0xf3a2de954d7f35426aa9d046184fecd28e8719e378b5d650b82a38987853dd87,tx_hash,,0x202c3c0e98e46ec19f86bdc4a43556bbdcc47938,,1726790400
