title,description,ref_link,priority,item,item_type,chain_id,address,addresses,timestamp
Risky Warning,"Detected suspicious activities for the pancakeswap or uniswap, the K rate is changed significantly.",https://explorer.phalcon.xyz/tx/bsc/0x1159cbe9d5d28e31ef3b71de05bfe676d073e67e5400c214ae65b969ef00106b ,2,0x1159cbe9d5d28e31ef3b71de05bfe676d073e67e5400c214ae65b969ef00106b,tx_hash,56,0xe2219fe5ccc15b2102fc10714e6e26f5045ab827,0xe2219fe5ccc15b2102fc10714e6e26f5045ab827;0x10ed43c718714eb63d5aa57b78b54704e256024e,1723592506
Risky Warning,"Detected a priviledged rugpull. When transferFrom() function called, the from address's token change is 0",https://explorer.phalcon.xyz/tx/bsc/0x1159cbe9d5d28e31ef3b71de05bfe676d073e67e5400c214ae65b969ef00106b ,2,0x1159cbe9d5d28e31ef3b71de05bfe676d073e67e5400c214ae65b969ef00106b,tx_hash,56,0xe2219fe5ccc15b2102fc10714e6e26f5045ab827,0xe2219fe5ccc15b2102fc10714e6e26f5045ab827;0x10ed43c718714eb63d5aa57b78b54704e256024e,1723592504
Risky Warning,A scam token was created by an address associated with a known bad actor,https://explorer.phalcon.xyz/tx/bsc/0xe0fdb2dfb316d9240db3181cc0630e07507852651626fe86139af37b8c65efa3 ,2,0xe0fdb2dfb316d9240db3181cc0630e07507852651626fe86139af37b8c65efa3,tx_hash,56,0x7cc697847c4739c47819ac8eee3b6c1aa5895eaa,0xe68d8c26c260b080f4143f0caf537bef0da6717a;0x7cc697847c4739c47819ac8eee3b6c1aa5895eaa,1723592404
Risky Warning,"Detected suspicious activities for the pancakeswap or uniswap, the K rate is changed significantly.",https://explorer.phalcon.xyz/tx/bsc/0x49e119dec22ad91e77340c0eadc11efe6fe7efbf1b64d75014e2b33bbcc108dd ,2,0x49e119dec22ad91e77340c0eadc11efe6fe7efbf1b64d75014e2b33bbcc108dd,tx_hash,56,0x19c95faf3bc75aca40823b9917a6fc56ec323409,0x19c95faf3bc75aca40823b9917a6fc56ec323409;0xb968399f756c9c3f3055fc37ef2c47ada156a184,1723592259
