title,description,ref_link,priority,item,item_type,chain_id,address,addresses,timestamp
Risky Warning,"Detected suspicious activities for the pancakeswap or uniswap, the K rate is changed significantly.",https://explorer.phalcon.xyz/tx/bsc/0x8b26ea4a1acb43b6f61bd6eefb5cf49e19d9e1349df64e2f108282023588735b ,2,0x8b26ea4a1acb43b6f61bd6eefb5cf49e19d9e1349df64e2f108282023588735b,tx_hash,56,0xa572445c45ba77cceb655629b36b60187ddabd5b,0xa572445c45ba77cceb655629b36b60187ddabd5b;0x000000005d8c78c27251a80634fb826da34020e1,1724110578
Risky Warning,"Detected a priviledged rugpull. When transferFrom() function called, the from address's token change is 0",https://explorer.phalcon.xyz/tx/bsc/0x59899e5b4c1c8471765745d3952440f2aeba637d17d2c75db3f45fdb27d82e54 ,2,0x59899e5b4c1c8471765745d3952440f2aeba637d17d2c75db3f45fdb27d82e54,tx_hash,56,0xf1ed3b65db59757bb113b442a4262301da90c58f,0xf1ed3b65db59757bb113b442a4262301da90c58f;0x000000005d8c78c27251a80634fb826da34020e1,1724110357
Risky Warning,Detected addresses with suspicious behaviors,https://explorer.phalcon.xyz/tx/bsc/0xce85edf6998dfd904e7cd9619bf91dd502244ceb0db4119ec55e41123785018b ,2,0xce85edf6998dfd904e7cd9619bf91dd502244ceb0db4119ec55e41123785018b,tx_hash,56,0x1615040fb722c597c67983649c44c37196e5df1d,0x1615040fb722c597c67983649c44c37196e5df1d,1724110288
Risky Warning,Detected addresses with suspicious behaviors,https://explorer.phalcon.xyz/tx/bsc/0x9b41dc697c25e26d3d0420c760698bd6dc54484d5658d6142905df859106580a ,2,0x9b41dc697c25e26d3d0420c760698bd6dc54484d5658d6142905df859106580a,tx_hash,56,0x1615040fb722c597c67983649c44c37196e5df1d,0x1615040fb722c597c67983649c44c37196e5df1d;0xd798f44acdb1408591e4f6e8639fda669e4b03bf,1724110288
Risky Warning,Detected addresses with suspicious behaviors,https://explorer.phalcon.xyz/tx/bsc/0x6d1746fc127a9628e656b936af00e4945ada81ae1361f246850d3a920bd19b1b ,2,0x6d1746fc127a9628e656b936af00e4945ada81ae1361f246850d3a920bd19b1b,tx_hash,56,0x1615040fb722c597c67983649c44c37196e5df1d,0x1615040fb722c597c67983649c44c37196e5df1d;0x10ed43c718714eb63d5aa57b78b54704e256024e,1724110288
Risky Warning,Detected addresses with suspicious behaviors,https://explorer.phalcon.xyz/tx/bsc/0x44ed75b64c3bfdb3561c5af14d4cf5f78b1fe0b1eea2ca6ff53ee5198438d3e2 ,2,0x44ed75b64c3bfdb3561c5af14d4cf5f78b1fe0b1eea2ca6ff53ee5198438d3e2,tx_hash,56,0xb00b0f12bc257b045eba7f10221a4d8e526535bf,0x1615040fb722c597c67983649c44c37196e5df1d;0xb00b0f12bc257b045eba7f10221a4d8e526535bf,1724110288
Risky Warning,"Detected suspicious activities for the pancakeswap or uniswap, the K rate is changed significantly.",https://explorer.phalcon.xyz/tx/bsc/0xce85edf6998dfd904e7cd9619bf91dd502244ceb0db4119ec55e41123785018b ,2,0xce85edf6998dfd904e7cd9619bf91dd502244ceb0db4119ec55e41123785018b,tx_hash,56,0x1615040fb722c597c67983649c44c37196e5df1d,0x1615040fb722c597c67983649c44c37196e5df1d;0x10ed43c718714eb63d5aa57b78b54704e256024e,1724110283
Risky Warning,Detected a rugpull on a token (from DEX),https://explorer.phalcon.xyz/tx/bsc/0xce85edf6998dfd904e7cd9619bf91dd502244ceb0db4119ec55e41123785018b ,3,0xce85edf6998dfd904e7cd9619bf91dd502244ceb0db4119ec55e41123785018b,tx_hash,56,0x1615040fb722c597c67983649c44c37196e5df1d,0x1615040fb722c597c67983649c44c37196e5df1d;0x10ed43c718714eb63d5aa57b78b54704e256024e;0xd798f44acdb1408591e4f6e8639fda669e4b03bf,1724110283
Risky Warning,"Detected a priviledged rugpull. When transferFrom() function called, the from address's token change is 0",https://explorer.phalcon.xyz/tx/bsc/0xce85edf6998dfd904e7cd9619bf91dd502244ceb0db4119ec55e41123785018b ,2,0xce85edf6998dfd904e7cd9619bf91dd502244ceb0db4119ec55e41123785018b,tx_hash,56,0x1615040fb722c597c67983649c44c37196e5df1d,0x1615040fb722c597c67983649c44c37196e5df1d;0x10ed43c718714eb63d5aa57b78b54704e256024e,1724110282
