title,description,ref_link,priority,item,item_type,chain_id,address,addresses,timestamp
Risky Warning,Detected addresses with suspicious behaviors,https://explorer.phalcon.xyz/tx/bsc/0x8eebb9b9f61ec666217ce55a1bb6035960d18c2042922a9727da84fbced29c8c ,2,0x8eebb9b9f61ec666217ce55a1bb6035960d18c2042922a9727da84fbced29c8c,tx_hash,56,0x7bdab184bc8985fc946b426bccca31184b6dc78e,0x7bdab184bc8985fc946b426bccca31184b6dc78e;0x10ed43c718714eb63d5aa57b78b54704e256024e,1722901019
Risky Warning,Detected addresses with suspicious behaviors,https://explorer.phalcon.xyz/tx/bsc/0x8eebb9b9f61ec666217ce55a1bb6035960d18c2042922a9727da84fbced29c8c ,2,0x8eebb9b9f61ec666217ce55a1bb6035960d18c2042922a9727da84fbced29c8c,tx_hash,56,0x7bdab184bc8985fc946b426bccca31184b6dc78e,0x7bdab184bc8985fc946b426bccca31184b6dc78e,1722901019
Risky Warning,Detected addresses with suspicious behaviors,https://explorer.phalcon.xyz/tx/bsc/0x3cac940a41f42987bc18433cdb819f502654977286c51ca04f91415986ae957a ,2,0x3cac940a41f42987bc18433cdb819f502654977286c51ca04f91415986ae957a,tx_hash,56,0xd2df16f721acc6542b761e1e6eba9eed60aa3415,0x7bdab184bc8985fc946b426bccca31184b6dc78e;0xd2df16f721acc6542b761e1e6eba9eed60aa3415,1722901019
Risky Warning,Detected addresses with suspicious behaviors,https://explorer.phalcon.xyz/tx/bsc/0x2313e31f6dd7f870487a28a03c2427c1ae880cc14341e9f74f579105c1a0cc8d ,2,0x2313e31f6dd7f870487a28a03c2427c1ae880cc14341e9f74f579105c1a0cc8d,tx_hash,56,0x7bdab184bc8985fc946b426bccca31184b6dc78e,0x7bdab184bc8985fc946b426bccca31184b6dc78e;0xd5c8851120ba76533f3cd694737f296000eb1cd9,1722901019
Risky Warning,Detected a rugpull on a token (from DEX),https://explorer.phalcon.xyz/tx/bsc/0x8eebb9b9f61ec666217ce55a1bb6035960d18c2042922a9727da84fbced29c8c ,3,0x8eebb9b9f61ec666217ce55a1bb6035960d18c2042922a9727da84fbced29c8c,tx_hash,56,0x7bdab184bc8985fc946b426bccca31184b6dc78e,0x7bdab184bc8985fc946b426bccca31184b6dc78e;0x10ed43c718714eb63d5aa57b78b54704e256024e;0xd5c8851120ba76533f3cd694737f296000eb1cd9,1722901018
Risky Warning,"Detected a priviledged rugpull. When transferFrom() function called, the from address's token change is 0",https://explorer.phalcon.xyz/tx/bsc/0x0ab9878437165fac2a09692f99dc336216100687919c19be1dd19b25cbc5b41e ,2,0x0ab9878437165fac2a09692f99dc336216100687919c19be1dd19b25cbc5b41e,tx_hash,56,0xf3cb590be45fce4b4e1bca05f7c2d9109eb17930,0xf3cb590be45fce4b4e1bca05f7c2d9109eb17930;0x10ed43c718714eb63d5aa57b78b54704e256024e,1722900571
Risky Warning,"Detected a priviledged rugpull. When transferFrom() function called, the from address's token change is 0",https://explorer.phalcon.xyz/tx/bsc/0xfa7dae9feacc85c65fe72a173e2f48893aa87ea15d9a736ed375f923ef4c3f38 ,2,0xfa7dae9feacc85c65fe72a173e2f48893aa87ea15d9a736ed375f923ef4c3f38,tx_hash,56,0x423a095380964dbccf8b66a0f109c4beaadaa1e6,0x423a095380964dbccf8b66a0f109c4beaadaa1e6;0x10ed43c718714eb63d5aa57b78b54704e256024e,1722900321
Risky Warning,"Detected a priviledged rugpull. When transferFrom() function called, the from address's token change is 0",https://explorer.phalcon.xyz/tx/bsc/0x797b9e0cc3096e5b8ab427c788a29a92ada5ee9eea7004c0d8f729e3d4c2e53a ,2,0x797b9e0cc3096e5b8ab427c788a29a92ada5ee9eea7004c0d8f729e3d4c2e53a,tx_hash,56,0x2563e1460ac4f9be6db2183bb8e18cc2e08a8eba,0x2563e1460ac4f9be6db2183bb8e18cc2e08a8eba;0x10ed43c718714eb63d5aa57b78b54704e256024e,1722900175
Risky Warning,"Detected a priviledged rugpull. When transferFrom() function called, the from address's token change is 0",https://explorer.phalcon.xyz/tx/bsc/0x8eebb9b9f61ec666217ce55a1bb6035960d18c2042922a9727da84fbced29c8c ,2,0x8eebb9b9f61ec666217ce55a1bb6035960d18c2042922a9727da84fbced29c8c,tx_hash,56,0x7bdab184bc8985fc946b426bccca31184b6dc78e,0x7bdab184bc8985fc946b426bccca31184b6dc78e;0x10ed43c718714eb63d5aa57b78b54704e256024e,1722900111
