title,description,ref_link,priority,item,item_type,chain_id,address,addresses,timestamp
hashdit_address_api_risk,user evaluated a high-risk address 12 time(s). Please do your own research (DYOR) when interacting with this address.,https://dappbay.bnbchain.org/risk-scanner/0x35b2e246bfc89c4767ec4f3a624b6f1f296a3f72,1,0x35b2e246bfc89c4767ec4f3a624b6f1f296a3f72,address,56,0x35b2e246bfc89c4767ec4f3a624b6f1f296a3f72,0x35b2e246bfc89c4767ec4f3a624b6f1f296a3f72,1726526482
hashdit_address_api_risk,user evaluated a high-risk address 6 time(s). Please do your own research (DYOR) when interacting with this address.,https://dappbay.bnbchain.org/risk-scanner/0xc5b5810dae4bced845e400222cffbd8a5a2a95fb,1,0xc5b5810dae4bced845e400222cffbd8a5a2a95fb,address,56,0xc5b5810dae4bced845e400222cffbd8a5a2a95fb,0xc5b5810dae4bced845e400222cffbd8a5a2a95fb,1726525459
hashdit_address_api_risk,user evaluated a high-risk address 1 time(s). Please do your own research (DYOR) when interacting with this address.,,1,0xc60647657314aba5a133dee9b8a14991cd1d0e91,address,1,0xc60647657314aba5a133dee9b8a14991cd1d0e91,0xc60647657314aba5a133dee9b8a14991cd1d0e91,1726524924
hashdit_address_api_risk,user evaluated a high-risk address 1 time(s). Please do your own research (DYOR) when interacting with this address.,https://dappbay.bnbchain.org/risk-scanner/0x8e204d898515e027c6780dfc070fb8902c015537,1,0x8e204d898515e027c6780dfc070fb8902c015537,address,56,0x8e204d898515e027c6780dfc070fb8902c015537,0x8e204d898515e027c6780dfc070fb8902c015537,1726524899
hashdit_address_api_risk,user evaluated a high-risk address 20 time(s). Please do your own research (DYOR) when interacting with this address.,https://dappbay.bnbchain.org/risk-scanner/0xf7cf6787279fd8a235ecc9990e0e1360e3992375,1,0xf7cf6787279fd8a235ecc9990e0e1360e3992375,address,56,0xf7cf6787279fd8a235ecc9990e0e1360e3992375,0xf7cf6787279fd8a235ecc9990e0e1360e3992375,1726524850
hashdit_address_api_risk,user evaluated a high-risk address 1 time(s). Please do your own research (DYOR) when interacting with this address.,,1,0x8ddcf0a2bb3c3c122214a75ff3ef19a504493059,address,1,0x8ddcf0a2bb3c3c122214a75ff3ef19a504493059,0x8ddcf0a2bb3c3c122214a75ff3ef19a504493059,1726524470
hashdit_address_api_risk,user evaluated a high-risk address 1 time(s). Please do your own research (DYOR) when interacting with this address.,https://dappbay.bnbchain.org/risk-scanner/0x695236e913605945474e1fea4bbd8dfe72d0cf46,1,0x695236e913605945474e1fea4bbd8dfe72d0cf46,address,56,0x695236e913605945474e1fea4bbd8dfe72d0cf46,0x695236e913605945474e1fea4bbd8dfe72d0cf46,1726524193
hashdit_address_api_risk,user evaluated a high-risk address 1 time(s). Please do your own research (DYOR) when interacting with this address.,https://dappbay.bnbchain.org/risk-scanner/0xe2f508ab1b766bf2c05e415db95a9be9a4a56bed,1,0xe2f508ab1b766bf2c05e415db95a9be9a4a56bed,address,56,0xe2f508ab1b766bf2c05e415db95a9be9a4a56bed,0xe2f508ab1b766bf2c05e415db95a9be9a4a56bed,1726523316
hashdit_address_api_risk,user evaluated a high-risk address 1 time(s). Please do your own research (DYOR) when interacting with this address.,,1,0x57a6dadaf333582bcaafb95d04fcb9b6084cf454,address,1,0x57a6dadaf333582bcaafb95d04fcb9b6084cf454,0x57a6dadaf333582bcaafb95d04fcb9b6084cf454,1726522295
hashdit_address_api_risk,user evaluated a high-risk address 1 time(s). Please do your own research (DYOR) when interacting with this address.,,1,0xd8beec3fa038e1464508f8f3cbad67acdb9d5cb3,address,137,0xd8beec3fa038e1464508f8f3cbad67acdb9d5cb3,0xd8beec3fa038e1464508f8f3cbad67acdb9d5cb3,1726521864
hashdit_address_api_risk,user evaluated a high-risk address 1 time(s). Please do your own research (DYOR) when interacting with this address.,https://dappbay.bnbchain.org/risk-scanner/0xbdec637a8c443f0772b5937e7d9b54c0f2a59a50,1,0xbdec637a8c443f0772b5937e7d9b54c0f2a59a50,address,56,0xbdec637a8c443f0772b5937e7d9b54c0f2a59a50,0xbdec637a8c443f0772b5937e7d9b54c0f2a59a50,1726521514
hashdit_address_api_risk,user evaluated a high-risk address 1 time(s). Please do your own research (DYOR) when interacting with this address.,https://dappbay.bnbchain.org/risk-scanner/0xd6f20986409a237274cec7bf8fb3fc87c15b8b21,1,0xd6f20986409a237274cec7bf8fb3fc87c15b8b21,address,56,0xd6f20986409a237274cec7bf8fb3fc87c15b8b21,0xd6f20986409a237274cec7bf8fb3fc87c15b8b21,1726520459
hashdit_address_api_risk,user evaluated a high-risk address 1 time(s). Please do your own research (DYOR) when interacting with this address.,https://dappbay.bnbchain.org/risk-scanner/0xf3e581020b1471cfa8d24039449d322d861ddac6,1,0xf3e581020b1471cfa8d24039449d322d861ddac6,address,56,0xf3e581020b1471cfa8d24039449d322d861ddac6,0xf3e581020b1471cfa8d24039449d322d861ddac6,1726519292
hashdit_address_api_risk,user evaluated a high-risk address 12 time(s). Please do your own research (DYOR) when interacting with this address.,https://dappbay.bnbchain.org/risk-scanner/0x86ac2d0de2695fd0a557e8d5499e29705e1a8a6a,1,0x86ac2d0de2695fd0a557e8d5499e29705e1a8a6a,address,56,0x86ac2d0de2695fd0a557e8d5499e29705e1a8a6a,0x86ac2d0de2695fd0a557e8d5499e29705e1a8a6a,1726518618
hashdit_address_api_risk,user evaluated a high-risk address 1 time(s). Please do your own research (DYOR) when interacting with this address.,https://dappbay.bnbchain.org/risk-scanner/0x81cd84ba57adcac93cb4cd9da10491480f6ecad3,1,0x81cd84ba57adcac93cb4cd9da10491480f6ecad3,address,56,0x81cd84ba57adcac93cb4cd9da10491480f6ecad3,0x81cd84ba57adcac93cb4cd9da10491480f6ecad3,1726516587
hashdit_address_api_risk,user evaluated a high-risk address 12 time(s). Please do your own research (DYOR) when interacting with this address.,https://dappbay.bnbchain.org/risk-scanner/0xca9a813ffedda54b524a499efbddfb0eca14dbc7,1,0xca9a813ffedda54b524a499efbddfb0eca14dbc7,address,56,0xca9a813ffedda54b524a499efbddfb0eca14dbc7,0xca9a813ffedda54b524a499efbddfb0eca14dbc7,1726515762
hashdit_address_api_risk,user evaluated a high-risk address 7 time(s). Please do your own research (DYOR) when interacting with this address.,https://dappbay.bnbchain.org/risk-scanner/0xed1ae1ea4b255b6a474cf40bd68f00bfd36cda8c,1,0xed1ae1ea4b255b6a474cf40bd68f00bfd36cda8c,address,56,0xed1ae1ea4b255b6a474cf40bd68f00bfd36cda8c,0xed1ae1ea4b255b6a474cf40bd68f00bfd36cda8c,1726515685
hashdit_address_api_risk,user evaluated a high-risk address 1 time(s). Please do your own research (DYOR) when interacting with this address.,https://dappbay.bnbchain.org/risk-scanner/0x08ddb556a34e0ef6664207b5ea3cae6649074bcd,1,0x08ddb556a34e0ef6664207b5ea3cae6649074bcd,address,56,0x08ddb556a34e0ef6664207b5ea3cae6649074bcd,0x08ddb556a34e0ef6664207b5ea3cae6649074bcd,1726515620
hashdit_address_api_risk,user evaluated a high-risk address 1 time(s). Please do your own research (DYOR) when interacting with this address.,https://dappbay.bnbchain.org/risk-scanner/0xd3fded4c791db28133c617906436950c55edeef1,1,0xd3fded4c791db28133c617906436950c55edeef1,address,56,0xd3fded4c791db28133c617906436950c55edeef1,0xd3fded4c791db28133c617906436950c55edeef1,1726514976
hashdit_address_api_risk,user evaluated a high-risk address 1 time(s). Please do your own research (DYOR) when interacting with this address.,https://dappbay.bnbchain.org/risk-scanner/0xaf7a3769c941ea6adcad48b22d60ecba0418dddb,1,0xaf7a3769c941ea6adcad48b22d60ecba0418dddb,address,56,0xaf7a3769c941ea6adcad48b22d60ecba0418dddb,0xaf7a3769c941ea6adcad48b22d60ecba0418dddb,1726514183
hashdit_address_api_risk,user evaluated a high-risk address 1 time(s). Please do your own research (DYOR) when interacting with this address.,https://dappbay.bnbchain.org/risk-scanner/0x1220a36e7e4f62e5878cdee4d5ce5f2d52a3e3e5,1,0x1220a36e7e4f62e5878cdee4d5ce5f2d52a3e3e5,address,56,0x1220a36e7e4f62e5878cdee4d5ce5f2d52a3e3e5,0x1220a36e7e4f62e5878cdee4d5ce5f2d52a3e3e5,1726513382
hashdit_address_api_risk,user evaluated a high-risk address 1 time(s). Please do your own research (DYOR) when interacting with this address.,,1,0xeac6bfd120cc8bd1eb59c7989d524b62b4b54717,address,1,0xeac6bfd120cc8bd1eb59c7989d524b62b4b54717,0xeac6bfd120cc8bd1eb59c7989d524b62b4b54717,1726512917
hashdit_address_api_risk,user evaluated a high-risk address 1 time(s). Please do your own research (DYOR) when interacting with this address.,,1,0x87f57ff6dfcc5c6054709e1574500f9b7a45178a,address,1,0x87f57ff6dfcc5c6054709e1574500f9b7a45178a,0x87f57ff6dfcc5c6054709e1574500f9b7a45178a,1726512527
hashdit_address_api_risk,user evaluated a high-risk address 2 time(s). Please do your own research (DYOR) when interacting with this address.,,1,0xe28579de2c22b46e5d4308933ae272cd0171153e,address,137,0xe28579de2c22b46e5d4308933ae272cd0171153e,0xe28579de2c22b46e5d4308933ae272cd0171153e,1726511724
hashdit_address_api_risk,user evaluated a high-risk address 14 time(s). Please do your own research (DYOR) when interacting with this address.,https://dappbay.bnbchain.org/risk-scanner/0x0dc169fe5e294542073f5995ea232cd9150a2ba9,1,0x0dc169fe5e294542073f5995ea232cd9150a2ba9,address,56,0x0dc169fe5e294542073f5995ea232cd9150a2ba9,0x0dc169fe5e294542073f5995ea232cd9150a2ba9,1726511557
hashdit_address_api_risk,user evaluated a high-risk address 9 time(s). Please do your own research (DYOR) when interacting with this address.,,1,0x2cf0493eaf67e5dcd65e26b7204e440123252c85,address,1,0x2cf0493eaf67e5dcd65e26b7204e440123252c85,0x2cf0493eaf67e5dcd65e26b7204e440123252c85,1726511494
hashdit_address_api_risk,user evaluated a high-risk address 1 time(s). Please do your own research (DYOR) when interacting with this address.,https://dappbay.bnbchain.org/risk-scanner/0xcf5c9f4154c36d76d348b0c27d90db8db6884e44,1,0xcf5c9f4154c36d76d348b0c27d90db8db6884e44,address,56,0xcf5c9f4154c36d76d348b0c27d90db8db6884e44,0xcf5c9f4154c36d76d348b0c27d90db8db6884e44,1726510437
hashdit_address_api_risk,user evaluated a high-risk address 6 time(s). Please do your own research (DYOR) when interacting with this address.,https://dappbay.bnbchain.org/risk-scanner/0x456955c8cab60b63927402cafd716bee6fc36beb,1,0x456955c8cab60b63927402cafd716bee6fc36beb,address,56,0x456955c8cab60b63927402cafd716bee6fc36beb,0x456955c8cab60b63927402cafd716bee6fc36beb,1726510084
hashdit_address_api_risk,user evaluated a high-risk address 1 time(s). Please do your own research (DYOR) when interacting with this address.,https://dappbay.bnbchain.org/risk-scanner/0xb0cfc05550087c033b9c0057281c81b8855ac45e,1,0xb0cfc05550087c033b9c0057281c81b8855ac45e,address,56,0xb0cfc05550087c033b9c0057281c81b8855ac45e,0xb0cfc05550087c033b9c0057281c81b8855ac45e,1726509360
hashdit_address_api_risk,user evaluated a high-risk address 1 time(s). Please do your own research (DYOR) when interacting with this address.,,1,0x92ec3eded34bea643c9ce97dbcbad46c585f910a,address,1,0x92ec3eded34bea643c9ce97dbcbad46c585f910a,0x92ec3eded34bea643c9ce97dbcbad46c585f910a,1726508811
hashdit_address_api_risk,user evaluated a high-risk address 1 time(s). Please do your own research (DYOR) when interacting with this address.,https://dappbay.bnbchain.org/risk-scanner/0x3405bc958ba39f3c3910231744ee21fa1a57e001,1,0x3405bc958ba39f3c3910231744ee21fa1a57e001,address,56,0x3405bc958ba39f3c3910231744ee21fa1a57e001,0x3405bc958ba39f3c3910231744ee21fa1a57e001,1726508302
hashdit_address_api_risk,user evaluated a high-risk address 13 time(s). Please do your own research (DYOR) when interacting with this address.,,1,0x003d8c013c8ed94fbdd0adc0da41bf43165d10b0,address,137,0x003d8c013c8ed94fbdd0adc0da41bf43165d10b0,0x003d8c013c8ed94fbdd0adc0da41bf43165d10b0,1726506959
hashdit_address_api_risk,user evaluated a high-risk address 1 time(s). Please do your own research (DYOR) when interacting with this address.,,1,0xb5e62e2453352bcae86f04b58bc8f01baf936d21,address,137,0xb5e62e2453352bcae86f04b58bc8f01baf936d21,0xb5e62e2453352bcae86f04b58bc8f01baf936d21,1726506251
hashdit_address_api_risk,user evaluated a high-risk address 1 time(s). Please do your own research (DYOR) when interacting with this address.,,1,0x6e4d698f08eb9c44c65b60aadf3d14bf2a334b5d,address,1,0x6e4d698f08eb9c44c65b60aadf3d14bf2a334b5d,0x6e4d698f08eb9c44c65b60aadf3d14bf2a334b5d,1726505867
hashdit_address_api_risk,user evaluated a high-risk address 1 time(s). Please do your own research (DYOR) when interacting with this address.,https://dappbay.bnbchain.org/risk-scanner/0xc5fefadfe8f92296c1e0edcde087d336921fc724,1,0xc5fefadfe8f92296c1e0edcde087d336921fc724,address,56,0xc5fefadfe8f92296c1e0edcde087d336921fc724,0xc5fefadfe8f92296c1e0edcde087d336921fc724,1726505618
hashdit_address_api_risk,user evaluated a high-risk address 3 time(s). Please do your own research (DYOR) when interacting with this address.,https://dappbay.bnbchain.org/risk-scanner/0x71f5a25c3c61ccf4777805f9145667ee4968986b,1,0x71f5a25c3c61ccf4777805f9145667ee4968986b,address,56,0x71f5a25c3c61ccf4777805f9145667ee4968986b,0x71f5a25c3c61ccf4777805f9145667ee4968986b,1726502269
hashdit_address_api_risk,user evaluated a high-risk address 1 time(s). Please do your own research (DYOR) when interacting with this address.,,1,0xeedbee75e466d805ba921e27967287d1a2f8dbe4,address,1,0xeedbee75e466d805ba921e27967287d1a2f8dbe4,0xeedbee75e466d805ba921e27967287d1a2f8dbe4,1726502076
hashdit_address_api_risk,user evaluated a high-risk address 482 time(s). Please do your own research (DYOR) when interacting with this address.,https://dappbay.bnbchain.org/risk-scanner/0xf7d463eb0b94fc12f138b96aa7ed608022e04bf7,1,0xf7d463eb0b94fc12f138b96aa7ed608022e04bf7,address,56,0xf7d463eb0b94fc12f138b96aa7ed608022e04bf7,0xf7d463eb0b94fc12f138b96aa7ed608022e04bf7,1726501951
hashdit_address_api_risk,user evaluated a high-risk address 1 time(s). Please do your own research (DYOR) when interacting with this address.,https://dappbay.bnbchain.org/risk-scanner/0xcb94a21d871cb6c52b5bbee86458b770141a7c92,1,0xcb94a21d871cb6c52b5bbee86458b770141a7c92,address,56,0xcb94a21d871cb6c52b5bbee86458b770141a7c92,0xcb94a21d871cb6c52b5bbee86458b770141a7c92,1726501844
hashdit_address_api_risk,user evaluated a high-risk address 2 time(s). Please do your own research (DYOR) when interacting with this address.,,1,0x2147d384c0eceb751b07cbf0993ed64ec2fcb2b8,address,137,0x2147d384c0eceb751b07cbf0993ed64ec2fcb2b8,0x2147d384c0eceb751b07cbf0993ed64ec2fcb2b8,1726501612
hashdit_address_api_risk,user evaluated a high-risk address 2 time(s). Please do your own research (DYOR) when interacting with this address.,,1,0x258a941406329ea1e334aef9f9845f9c8cb1357d,address,1,0x258a941406329ea1e334aef9f9845f9c8cb1357d,0x258a941406329ea1e334aef9f9845f9c8cb1357d,1726501366
hashdit_address_api_risk,user evaluated a high-risk address 9 time(s). Please do your own research (DYOR) when interacting with this address.,https://dappbay.bnbchain.org/risk-scanner/0x0d954783bd383830d6f79c094ea4dd49743b3862,1,0x0d954783bd383830d6f79c094ea4dd49743b3862,address,56,0x0d954783bd383830d6f79c094ea4dd49743b3862,0x0d954783bd383830d6f79c094ea4dd49743b3862,1726500690
hashdit_address_api_risk,user evaluated a high-risk address 6 time(s). Please do your own research (DYOR) when interacting with this address.,https://dappbay.bnbchain.org/risk-scanner/0x00288c684a433c53d062186edd0069b25c3af36d,1,0x00288c684a433c53d062186edd0069b25c3af36d,address,56,0x00288c684a433c53d062186edd0069b25c3af36d,0x00288c684a433c53d062186edd0069b25c3af36d,1726500405
hashdit_address_api_risk,user evaluated a high-risk address 1 time(s). Please do your own research (DYOR) when interacting with this address.,,1,0x3121c27a32571eba3ae94e1299113aaa0b29b8eb,address,1,0x3121c27a32571eba3ae94e1299113aaa0b29b8eb,0x3121c27a32571eba3ae94e1299113aaa0b29b8eb,1726500382
hashdit_address_api_risk,user evaluated a high-risk address 1 time(s). Please do your own research (DYOR) when interacting with this address.,https://dappbay.bnbchain.org/risk-scanner/0x20eefcee78798493dd7db46951173a79831016a3,1,0x20eefcee78798493dd7db46951173a79831016a3,address,56,0x20eefcee78798493dd7db46951173a79831016a3,0x20eefcee78798493dd7db46951173a79831016a3,1726500262
hashdit_address_api_risk,user evaluated a high-risk address 1 time(s). Please do your own research (DYOR) when interacting with this address.,,1,0x3b4993ccaec75a0dc8bc2f0035bfbe711b9727f7,address,1,0x3b4993ccaec75a0dc8bc2f0035bfbe711b9727f7,0x3b4993ccaec75a0dc8bc2f0035bfbe711b9727f7,1726499993
hashdit_address_api_risk,user evaluated a high-risk address 13 time(s). Please do your own research (DYOR) when interacting with this address.,https://dappbay.bnbchain.org/risk-scanner/0x4213cfd4beb262d3503b8e4f3476475815730416,1,0x4213cfd4beb262d3503b8e4f3476475815730416,address,56,0x4213cfd4beb262d3503b8e4f3476475815730416,0x4213cfd4beb262d3503b8e4f3476475815730416,1726499738
hashdit_address_api_risk,user evaluated a high-risk address 1 time(s). Please do your own research (DYOR) when interacting with this address.,,1,0x84c4e8c1fad7a3b0e2156d1ba441cf17ca53398e,address,1,0x84c4e8c1fad7a3b0e2156d1ba441cf17ca53398e,0x84c4e8c1fad7a3b0e2156d1ba441cf17ca53398e,1726499468
hashdit_address_api_risk,user evaluated a high-risk address 1 time(s). Please do your own research (DYOR) when interacting with this address.,,1,0xda7192431182178b6bfc78c06b613edfecfd4a40,address,1,0xda7192431182178b6bfc78c06b613edfecfd4a40,0xda7192431182178b6bfc78c06b613edfecfd4a40,1726499421
hashdit_address_api_risk,user evaluated a high-risk address 1 time(s). Please do your own research (DYOR) when interacting with this address.,https://dappbay.bnbchain.org/risk-scanner/0x15fc9d9fef0428db85327864f6347825f5e7eb58,1,0x15fc9d9fef0428db85327864f6347825f5e7eb58,address,56,0x15fc9d9fef0428db85327864f6347825f5e7eb58,0x15fc9d9fef0428db85327864f6347825f5e7eb58,1726499342
hashdit_address_api_risk,user evaluated a high-risk address 1 time(s). Please do your own research (DYOR) when interacting with this address.,https://dappbay.bnbchain.org/risk-scanner/0x33b3ca251ff5b04698fc3b7a4136d05387f9a10d,1,0x33b3ca251ff5b04698fc3b7a4136d05387f9a10d,address,56,0x33b3ca251ff5b04698fc3b7a4136d05387f9a10d,0x33b3ca251ff5b04698fc3b7a4136d05387f9a10d,1726499215
hashdit_address_api_risk,user evaluated a high-risk address 1 time(s). Please do your own research (DYOR) when interacting with this address.,https://dappbay.bnbchain.org/risk-scanner/0xbf59bfc77089301550f8143ee89282a54c18779b,1,0xbf59bfc77089301550f8143ee89282a54c18779b,address,56,0xbf59bfc77089301550f8143ee89282a54c18779b,0xbf59bfc77089301550f8143ee89282a54c18779b,1726499186
hashdit_address_api_risk,user evaluated a high-risk address 1 time(s). Please do your own research (DYOR) when interacting with this address.,https://dappbay.bnbchain.org/risk-scanner/0x2e2bca4fc397cee9132264633650a4e119734734,1,0x2e2bca4fc397cee9132264633650a4e119734734,address,56,0x2e2bca4fc397cee9132264633650a4e119734734,0x2e2bca4fc397cee9132264633650a4e119734734,1726499171
hashdit_address_api_risk,user evaluated a high-risk address 293 time(s). Please do your own research (DYOR) when interacting with this address.,https://dappbay.bnbchain.org/risk-scanner/0xfb8425efef3d1d9f05963a78f8d9040571e21d11,1,0xfb8425efef3d1d9f05963a78f8d9040571e21d11,address,56,0xfb8425efef3d1d9f05963a78f8d9040571e21d11,0xfb8425efef3d1d9f05963a78f8d9040571e21d11,1726499027
hashdit_address_api_risk,user evaluated a high-risk address 4 time(s). Please do your own research (DYOR) when interacting with this address.,https://dappbay.bnbchain.org/risk-scanner/0x992441f3663445591527af30c655aef117c96678,1,0x992441f3663445591527af30c655aef117c96678,address,56,0x992441f3663445591527af30c655aef117c96678,0x992441f3663445591527af30c655aef117c96678,1726498748
hashdit_address_api_risk,user evaluated a high-risk address 48 time(s). Please do your own research (DYOR) when interacting with this address.,https://dappbay.bnbchain.org/risk-scanner/0xace19f311ab1dbffdd8b303be8ec542a7eb67c40,1,0xace19f311ab1dbffdd8b303be8ec542a7eb67c40,address,56,0xace19f311ab1dbffdd8b303be8ec542a7eb67c40,0xace19f311ab1dbffdd8b303be8ec542a7eb67c40,1726498552
hashdit_address_api_risk,user evaluated a high-risk address 6 time(s). Please do your own research (DYOR) when interacting with this address.,https://dappbay.bnbchain.org/risk-scanner/0x5e25948f4b2eddc0454a6fb7dce8999dbcb8753a,1,0x5e25948f4b2eddc0454a6fb7dce8999dbcb8753a,address,56,0x5e25948f4b2eddc0454a6fb7dce8999dbcb8753a,0x5e25948f4b2eddc0454a6fb7dce8999dbcb8753a,1726498487
hashdit_address_api_risk,user evaluated a high-risk address 1 time(s). Please do your own research (DYOR) when interacting with this address.,https://dappbay.bnbchain.org/risk-scanner/0x3f6b8702471673cac0347dcfdc8f94b3676a86a5,1,0x3f6b8702471673cac0347dcfdc8f94b3676a86a5,address,56,0x3f6b8702471673cac0347dcfdc8f94b3676a86a5,0x3f6b8702471673cac0347dcfdc8f94b3676a86a5,1726498373
hashdit_address_api_risk,user evaluated a high-risk address 1 time(s). Please do your own research (DYOR) when interacting with this address.,https://dappbay.bnbchain.org/risk-scanner/0xb0552e48f3dc4c2e02fc4f2cbc65dd93d6f79015,1,0xb0552e48f3dc4c2e02fc4f2cbc65dd93d6f79015,address,56,0xb0552e48f3dc4c2e02fc4f2cbc65dd93d6f79015,0xb0552e48f3dc4c2e02fc4f2cbc65dd93d6f79015,1726498252
hashdit_address_api_risk,user evaluated a high-risk address 1 time(s). Please do your own research (DYOR) when interacting with this address.,https://dappbay.bnbchain.org/risk-scanner/0xad4d1c7051ce8dd92be1feb373d6bd5b4cf900f1,1,0xad4d1c7051ce8dd92be1feb373d6bd5b4cf900f1,address,56,0xad4d1c7051ce8dd92be1feb373d6bd5b4cf900f1,0xad4d1c7051ce8dd92be1feb373d6bd5b4cf900f1,1726498117
hashdit_address_api_risk,user evaluated a high-risk address 1 time(s). Please do your own research (DYOR) when interacting with this address.,https://dappbay.bnbchain.org/risk-scanner/0x5eb55911fc81314f9c402a0e59e75715fb41c2be,1,0x5eb55911fc81314f9c402a0e59e75715fb41c2be,address,56,0x5eb55911fc81314f9c402a0e59e75715fb41c2be,0x5eb55911fc81314f9c402a0e59e75715fb41c2be,1726498100
hashdit_address_api_risk,user evaluated a high-risk address 1 time(s). Please do your own research (DYOR) when interacting with this address.,https://dappbay.bnbchain.org/risk-scanner/0x89cceb6cb6a514e46aace081b1e8d971ec8e7615,1,0x89cceb6cb6a514e46aace081b1e8d971ec8e7615,address,56,0x89cceb6cb6a514e46aace081b1e8d971ec8e7615,0x89cceb6cb6a514e46aace081b1e8d971ec8e7615,1726497914
hashdit_address_api_risk,user evaluated a high-risk address 4 time(s). Please do your own research (DYOR) when interacting with this address.,https://dappbay.bnbchain.org/risk-scanner/0x8e13b6893b44535d74fad5ff74e9b127957e1d0c,1,0x8e13b6893b44535d74fad5ff74e9b127957e1d0c,address,56,0x8e13b6893b44535d74fad5ff74e9b127957e1d0c,0x8e13b6893b44535d74fad5ff74e9b127957e1d0c,1726497898
hashdit_address_api_risk,user evaluated a high-risk address 1 time(s). Please do your own research (DYOR) when interacting with this address.,https://dappbay.bnbchain.org/risk-scanner/0x12e45e323d44209fcb9afef0e5793b92296975df,1,0x12e45e323d44209fcb9afef0e5793b92296975df,address,56,0x12e45e323d44209fcb9afef0e5793b92296975df,0x12e45e323d44209fcb9afef0e5793b92296975df,1726497870
hashdit_address_api_risk,user evaluated a high-risk address 1 time(s). Please do your own research (DYOR) when interacting with this address.,https://dappbay.bnbchain.org/risk-scanner/0x00528de1404e936054badaa200979e3288af9cbc,1,0x00528de1404e936054badaa200979e3288af9cbc,address,56,0x00528de1404e936054badaa200979e3288af9cbc,0x00528de1404e936054badaa200979e3288af9cbc,1726497866
hashdit_address_api_risk,user evaluated a high-risk address 1 time(s). Please do your own research (DYOR) when interacting with this address.,https://dappbay.bnbchain.org/risk-scanner/0xb17cba32c15a27375f75af301a9405910ad91723,1,0xb17cba32c15a27375f75af301a9405910ad91723,address,56,0xb17cba32c15a27375f75af301a9405910ad91723,0xb17cba32c15a27375f75af301a9405910ad91723,1726497038
hashdit_address_api_risk,user evaluated a high-risk address 2 time(s). Please do your own research (DYOR) when interacting with this address.,https://dappbay.bnbchain.org/risk-scanner/0x27263d9a2db1aec97af57e05dfd06312b8eefca7,1,0x27263d9a2db1aec97af57e05dfd06312b8eefca7,address,56,0x27263d9a2db1aec97af57e05dfd06312b8eefca7,0x27263d9a2db1aec97af57e05dfd06312b8eefca7,1726496758
hashdit_address_api_risk,user evaluated a high-risk address 1 time(s). Please do your own research (DYOR) when interacting with this address.,https://dappbay.bnbchain.org/risk-scanner/0x13208c8dbdf2e16f318d92593288d889ec76d6f4,1,0x13208c8dbdf2e16f318d92593288d889ec76d6f4,address,56,0x13208c8dbdf2e16f318d92593288d889ec76d6f4,0x13208c8dbdf2e16f318d92593288d889ec76d6f4,1726496660
hashdit_address_api_risk,user evaluated a high-risk address 1 time(s). Please do your own research (DYOR) when interacting with this address.,https://dappbay.bnbchain.org/risk-scanner/0x667d4bcb3c3fe01b4c879c4adc8f8a1bdeb66321,1,0x667d4bcb3c3fe01b4c879c4adc8f8a1bdeb66321,address,56,0x667d4bcb3c3fe01b4c879c4adc8f8a1bdeb66321,0x667d4bcb3c3fe01b4c879c4adc8f8a1bdeb66321,1726496635
hashdit_address_api_risk,user evaluated a high-risk address 9 time(s). Please do your own research (DYOR) when interacting with this address.,https://dappbay.bnbchain.org/risk-scanner/0x0fcb843c1820c4f9a4d1b5fb4d45befea5ab5916,1,0x0fcb843c1820c4f9a4d1b5fb4d45befea5ab5916,address,56,0x0fcb843c1820c4f9a4d1b5fb4d45befea5ab5916,0x0fcb843c1820c4f9a4d1b5fb4d45befea5ab5916,1726496621
hashdit_address_api_risk,user evaluated a high-risk address 21 time(s). Please do your own research (DYOR) when interacting with this address.,https://dappbay.bnbchain.org/risk-scanner/0xd2391d845dbcd685bc86e294b95d92d333d84b45,1,0xd2391d845dbcd685bc86e294b95d92d333d84b45,address,56,0xd2391d845dbcd685bc86e294b95d92d333d84b45,0xd2391d845dbcd685bc86e294b95d92d333d84b45,1726496490
hashdit_address_api_risk,user evaluated a high-risk address 1 time(s). Please do your own research (DYOR) when interacting with this address.,https://dappbay.bnbchain.org/risk-scanner/0x40aabaec00915cf8a487feda620f160fe7566d8c,1,0x40aabaec00915cf8a487feda620f160fe7566d8c,address,56,0x40aabaec00915cf8a487feda620f160fe7566d8c,0x40aabaec00915cf8a487feda620f160fe7566d8c,1726496318
hashdit_address_api_risk,user evaluated a high-risk address 18 time(s). Please do your own research (DYOR) when interacting with this address.,https://dappbay.bnbchain.org/risk-scanner/0xa783c2a8de096c39c8154fca157b9c9e75151969,1,0xa783c2a8de096c39c8154fca157b9c9e75151969,address,56,0xa783c2a8de096c39c8154fca157b9c9e75151969,0xa783c2a8de096c39c8154fca157b9c9e75151969,1726496242
hashdit_address_api_risk,user evaluated a high-risk address 3 time(s). Please do your own research (DYOR) when interacting with this address.,https://dappbay.bnbchain.org/risk-scanner/0xa407219b2c2483e2ba0c14677e0e00b753dafe97,1,0xa407219b2c2483e2ba0c14677e0e00b753dafe97,address,56,0xa407219b2c2483e2ba0c14677e0e00b753dafe97,0xa407219b2c2483e2ba0c14677e0e00b753dafe97,1726496152
hashdit_address_api_risk,user evaluated a high-risk address 1 time(s). Please do your own research (DYOR) when interacting with this address.,https://dappbay.bnbchain.org/risk-scanner/0xfae078749b8870949f4f07a4ec963eeeb2638d22,1,0xfae078749b8870949f4f07a4ec963eeeb2638d22,address,56,0xfae078749b8870949f4f07a4ec963eeeb2638d22,0xfae078749b8870949f4f07a4ec963eeeb2638d22,1726496080
hashdit_address_api_risk,user evaluated a high-risk address 180 time(s). Please do your own research (DYOR) when interacting with this address.,https://dappbay.bnbchain.org/risk-scanner/0x016abb12dd09497ef781e32c53997838bb5959d0,1,0x016abb12dd09497ef781e32c53997838bb5959d0,address,56,0x016abb12dd09497ef781e32c53997838bb5959d0,0x016abb12dd09497ef781e32c53997838bb5959d0,1726496011
hashdit_address_api_risk,user evaluated a high-risk address 2 time(s). Please do your own research (DYOR) when interacting with this address.,https://dappbay.bnbchain.org/risk-scanner/0xcb6cf5f9138b7c05dd22dd9e6bd0071383b07b3a,1,0xcb6cf5f9138b7c05dd22dd9e6bd0071383b07b3a,address,56,0xcb6cf5f9138b7c05dd22dd9e6bd0071383b07b3a,0xcb6cf5f9138b7c05dd22dd9e6bd0071383b07b3a,1726495657
hashdit_address_api_risk,user evaluated a high-risk address 13 time(s). Please do your own research (DYOR) when interacting with this address.,,1,0xaa882566688414e505a554fd44b7e3c3f7392696,address,1,0xaa882566688414e505a554fd44b7e3c3f7392696,0xaa882566688414e505a554fd44b7e3c3f7392696,1726495598
hashdit_address_api_risk,user evaluated a high-risk address 1 time(s). Please do your own research (DYOR) when interacting with this address.,https://dappbay.bnbchain.org/risk-scanner/0x84bf54248eada359980c37e53f21dc728ea92ada,1,0x84bf54248eada359980c37e53f21dc728ea92ada,address,56,0x84bf54248eada359980c37e53f21dc728ea92ada,0x84bf54248eada359980c37e53f21dc728ea92ada,1726495491
hashdit_address_api_risk,user evaluated a high-risk address 1 time(s). Please do your own research (DYOR) when interacting with this address.,https://dappbay.bnbchain.org/risk-scanner/0x1428a41ba83041132a7d0167bf028b36e4000324,1,0x1428a41ba83041132a7d0167bf028b36e4000324,address,56,0x1428a41ba83041132a7d0167bf028b36e4000324,0x1428a41ba83041132a7d0167bf028b36e4000324,1726495484
hashdit_address_api_risk,user evaluated a high-risk address 1 time(s). Please do your own research (DYOR) when interacting with this address.,https://dappbay.bnbchain.org/risk-scanner/0x642d09bd4d15d3ca4e4026b232f159e5432e4419,1,0x642d09bd4d15d3ca4e4026b232f159e5432e4419,address,56,0x642d09bd4d15d3ca4e4026b232f159e5432e4419,0x642d09bd4d15d3ca4e4026b232f159e5432e4419,1726495466
hashdit_address_api_risk,user evaluated a high-risk address 2 time(s). Please do your own research (DYOR) when interacting with this address.,https://dappbay.bnbchain.org/risk-scanner/0x02052b042ee131b3488d18e7b6a8d32464d02ccd,1,0x02052b042ee131b3488d18e7b6a8d32464d02ccd,address,56,0x02052b042ee131b3488d18e7b6a8d32464d02ccd,0x02052b042ee131b3488d18e7b6a8d32464d02ccd,1726495454
hashdit_address_api_risk,user evaluated a high-risk address 6 time(s). Please do your own research (DYOR) when interacting with this address.,https://dappbay.bnbchain.org/risk-scanner/0xc340f410c732bb79cbabc690469cd5bacdd16e26,1,0xc340f410c732bb79cbabc690469cd5bacdd16e26,address,56,0xc340f410c732bb79cbabc690469cd5bacdd16e26,0xc340f410c732bb79cbabc690469cd5bacdd16e26,1726495269
hashdit_address_api_risk,user evaluated a high-risk address 6 time(s). Please do your own research (DYOR) when interacting with this address.,https://dappbay.bnbchain.org/risk-scanner/0x5a768ca538ab88463adc97919d6c0b230b2f99de,1,0x5a768ca538ab88463adc97919d6c0b230b2f99de,address,56,0x5a768ca538ab88463adc97919d6c0b230b2f99de,0x5a768ca538ab88463adc97919d6c0b230b2f99de,1726495248
hashdit_address_api_risk,user evaluated a high-risk address 1 time(s). Please do your own research (DYOR) when interacting with this address.,https://dappbay.bnbchain.org/risk-scanner/0x686024edfbb0c70c918e1e73933f69b91ea29d7c,1,0x686024edfbb0c70c918e1e73933f69b91ea29d7c,address,56,0x686024edfbb0c70c918e1e73933f69b91ea29d7c,0x686024edfbb0c70c918e1e73933f69b91ea29d7c,1726495078
hashdit_address_api_risk,user evaluated a high-risk address 1 time(s). Please do your own research (DYOR) when interacting with this address.,https://dappbay.bnbchain.org/risk-scanner/0x14be650289a64b3944a39ec9764379a23063d785,1,0x14be650289a64b3944a39ec9764379a23063d785,address,56,0x14be650289a64b3944a39ec9764379a23063d785,0x14be650289a64b3944a39ec9764379a23063d785,1726495066
hashdit_address_api_risk,user evaluated a high-risk address 8 time(s). Please do your own research (DYOR) when interacting with this address.,https://dappbay.bnbchain.org/risk-scanner/0xc882606e38721ccb99438cc3603b76a6cc2d6669,1,0xc882606e38721ccb99438cc3603b76a6cc2d6669,address,56,0xc882606e38721ccb99438cc3603b76a6cc2d6669,0xc882606e38721ccb99438cc3603b76a6cc2d6669,1726495040
hashdit_address_api_risk,user evaluated a high-risk address 10 time(s). Please do your own research (DYOR) when interacting with this address.,https://dappbay.bnbchain.org/risk-scanner/0xef345e26777fe4132703c01302d3fde0f0f7a473,1,0xef345e26777fe4132703c01302d3fde0f0f7a473,address,56,0xef345e26777fe4132703c01302d3fde0f0f7a473,0xef345e26777fe4132703c01302d3fde0f0f7a473,1726494938
hashdit_address_api_risk,user evaluated a high-risk address 1 time(s). Please do your own research (DYOR) when interacting with this address.,https://dappbay.bnbchain.org/risk-scanner/0xbbebad18cc15b2a2844f81cf9ed287c5d05d2207,1,0xbbebad18cc15b2a2844f81cf9ed287c5d05d2207,address,56,0xbbebad18cc15b2a2844f81cf9ed287c5d05d2207,0xbbebad18cc15b2a2844f81cf9ed287c5d05d2207,1726494933
hashdit_address_api_risk,user evaluated a high-risk address 1 time(s). Please do your own research (DYOR) when interacting with this address.,,1,0x6f2163b23a87d7324a7c54dcf78c0077bf683939,address,1,0x6f2163b23a87d7324a7c54dcf78c0077bf683939,0x6f2163b23a87d7324a7c54dcf78c0077bf683939,1726494879
hashdit_address_api_risk,user evaluated a high-risk address 1 time(s). Please do your own research (DYOR) when interacting with this address.,https://dappbay.bnbchain.org/risk-scanner/0x10f8938a5cfa737b3b1d27d9cc2c36c5398642d4,1,0x10f8938a5cfa737b3b1d27d9cc2c36c5398642d4,address,56,0x10f8938a5cfa737b3b1d27d9cc2c36c5398642d4,0x10f8938a5cfa737b3b1d27d9cc2c36c5398642d4,1726494769
hashdit_address_api_risk,user evaluated a high-risk address 1 time(s). Please do your own research (DYOR) when interacting with this address.,https://dappbay.bnbchain.org/risk-scanner/0x702d8ba54ba91fc011230636633a958e09a239fc,1,0x702d8ba54ba91fc011230636633a958e09a239fc,address,56,0x702d8ba54ba91fc011230636633a958e09a239fc,0x702d8ba54ba91fc011230636633a958e09a239fc,1726494741
hashdit_address_api_risk,user evaluated a high-risk address 1 time(s). Please do your own research (DYOR) when interacting with this address.,https://dappbay.bnbchain.org/risk-scanner/0xc2b82c239844a85e67dc21b09bd0587a81af7de5,1,0xc2b82c239844a85e67dc21b09bd0587a81af7de5,address,56,0xc2b82c239844a85e67dc21b09bd0587a81af7de5,0xc2b82c239844a85e67dc21b09bd0587a81af7de5,1726494510
hashdit_address_api_risk,user evaluated a high-risk address 7 time(s). Please do your own research (DYOR) when interacting with this address.,https://dappbay.bnbchain.org/risk-scanner/0x6fdcb3f627c9db088d85fbd42f87848d4701b4ba,1,0x6fdcb3f627c9db088d85fbd42f87848d4701b4ba,address,56,0x6fdcb3f627c9db088d85fbd42f87848d4701b4ba,0x6fdcb3f627c9db088d85fbd42f87848d4701b4ba,1726494312
hashdit_address_api_risk,user evaluated a high-risk address 1 time(s). Please do your own research (DYOR) when interacting with this address.,https://dappbay.bnbchain.org/risk-scanner/0x534d197e991fa6d3dca244f4cf08ebfbc5e8e335,1,0x534d197e991fa6d3dca244f4cf08ebfbc5e8e335,address,56,0x534d197e991fa6d3dca244f4cf08ebfbc5e8e335,0x534d197e991fa6d3dca244f4cf08ebfbc5e8e335,1726494226
hashdit_address_api_risk,user evaluated a high-risk address 1 time(s). Please do your own research (DYOR) when interacting with this address.,https://dappbay.bnbchain.org/risk-scanner/0x60be46b264ba7dcddc1ea919e078a2034da6aadd,1,0x60be46b264ba7dcddc1ea919e078a2034da6aadd,address,56,0x60be46b264ba7dcddc1ea919e078a2034da6aadd,0x60be46b264ba7dcddc1ea919e078a2034da6aadd,1726494043
hashdit_address_api_risk,user evaluated a high-risk address 1 time(s). Please do your own research (DYOR) when interacting with this address.,https://dappbay.bnbchain.org/risk-scanner/0x06ca71676e83dbb3758cf4a2f2f93f4ea803ff9c,1,0x06ca71676e83dbb3758cf4a2f2f93f4ea803ff9c,address,56,0x06ca71676e83dbb3758cf4a2f2f93f4ea803ff9c,0x06ca71676e83dbb3758cf4a2f2f93f4ea803ff9c,1726493990
hashdit_address_api_risk,user evaluated a high-risk address 1 time(s). Please do your own research (DYOR) when interacting with this address.,https://dappbay.bnbchain.org/risk-scanner/0xd3d2e6fd5835827fb5890c2efedbe70c4eb93adc,1,0xd3d2e6fd5835827fb5890c2efedbe70c4eb93adc,address,56,0xd3d2e6fd5835827fb5890c2efedbe70c4eb93adc,0xd3d2e6fd5835827fb5890c2efedbe70c4eb93adc,1726493976
hashdit_address_api_risk,user evaluated a high-risk address 10 time(s). Please do your own research (DYOR) when interacting with this address.,https://dappbay.bnbchain.org/risk-scanner/0xe527b95bd6d49c82cf2598481e6b7813cae14e5e,1,0xe527b95bd6d49c82cf2598481e6b7813cae14e5e,address,56,0xe527b95bd6d49c82cf2598481e6b7813cae14e5e,0xe527b95bd6d49c82cf2598481e6b7813cae14e5e,1726493884
hashdit_address_api_risk,user evaluated a high-risk address 1 time(s). Please do your own research (DYOR) when interacting with this address.,https://dappbay.bnbchain.org/risk-scanner/0x16536f5130d3ca0843ef8f6fd84838123407692f,1,0x16536f5130d3ca0843ef8f6fd84838123407692f,address,56,0x16536f5130d3ca0843ef8f6fd84838123407692f,0x16536f5130d3ca0843ef8f6fd84838123407692f,1726493815
hashdit_address_api_risk,user evaluated a high-risk address 1 time(s). Please do your own research (DYOR) when interacting with this address.,https://dappbay.bnbchain.org/risk-scanner/0x6daf6b1ebdc69461e6c0557af062e9233d960c8c,1,0x6daf6b1ebdc69461e6c0557af062e9233d960c8c,address,56,0x6daf6b1ebdc69461e6c0557af062e9233d960c8c,0x6daf6b1ebdc69461e6c0557af062e9233d960c8c,1726493749
hashdit_address_api_risk,user evaluated a high-risk address 1 time(s). Please do your own research (DYOR) when interacting with this address.,https://dappbay.bnbchain.org/risk-scanner/0x053017a8306387601fb2d9530eff3e793fd09194,1,0x053017a8306387601fb2d9530eff3e793fd09194,address,56,0x053017a8306387601fb2d9530eff3e793fd09194,0x053017a8306387601fb2d9530eff3e793fd09194,1726493729
hashdit_address_api_risk,user evaluated a high-risk address 1 time(s). Please do your own research (DYOR) when interacting with this address.,https://dappbay.bnbchain.org/risk-scanner/0xad4832a415ea86c0a3c3bec097573fab545f5a6b,1,0xad4832a415ea86c0a3c3bec097573fab545f5a6b,address,56,0xad4832a415ea86c0a3c3bec097573fab545f5a6b,0xad4832a415ea86c0a3c3bec097573fab545f5a6b,1726493506
hashdit_address_api_risk,user evaluated a high-risk address 1 time(s). Please do your own research (DYOR) when interacting with this address.,https://dappbay.bnbchain.org/risk-scanner/0x62ca17d123d8fa6b840ec42f86248a18ad5566b7,1,0x62ca17d123d8fa6b840ec42f86248a18ad5566b7,address,56,0x62ca17d123d8fa6b840ec42f86248a18ad5566b7,0x62ca17d123d8fa6b840ec42f86248a18ad5566b7,1726493473
hashdit_address_api_risk,user evaluated a high-risk address 1 time(s). Please do your own research (DYOR) when interacting with this address.,https://dappbay.bnbchain.org/risk-scanner/0x4664695c848454f5c364be9796a3ce7557247c2f,1,0x4664695c848454f5c364be9796a3ce7557247c2f,address,56,0x4664695c848454f5c364be9796a3ce7557247c2f,0x4664695c848454f5c364be9796a3ce7557247c2f,1726493463
hashdit_address_api_risk,user evaluated a high-risk address 3 time(s). Please do your own research (DYOR) when interacting with this address.,https://dappbay.bnbchain.org/risk-scanner/0x30462a4863a3db9233006a87320a8e07c4a71a36,1,0x30462a4863a3db9233006a87320a8e07c4a71a36,address,56,0x30462a4863a3db9233006a87320a8e07c4a71a36,0x30462a4863a3db9233006a87320a8e07c4a71a36,1726493381
hashdit_address_api_risk,user evaluated a high-risk address 1 time(s). Please do your own research (DYOR) when interacting with this address.,https://dappbay.bnbchain.org/risk-scanner/0x13780883b630541c88df6eaaeda105980650dbd1,1,0x13780883b630541c88df6eaaeda105980650dbd1,address,56,0x13780883b630541c88df6eaaeda105980650dbd1,0x13780883b630541c88df6eaaeda105980650dbd1,1726493306
hashdit_address_api_risk,user evaluated a high-risk address 1 time(s). Please do your own research (DYOR) when interacting with this address.,https://dappbay.bnbchain.org/risk-scanner/0xc93cd9af027232855a73bd0a1c7098aa9c663860,1,0xc93cd9af027232855a73bd0a1c7098aa9c663860,address,56,0xc93cd9af027232855a73bd0a1c7098aa9c663860,0xc93cd9af027232855a73bd0a1c7098aa9c663860,1726493278
hashdit_address_api_risk,user evaluated a high-risk address 296 time(s). Please do your own research (DYOR) when interacting with this address.,https://dappbay.bnbchain.org/risk-scanner/0xf5ea38e4fd377dccb9a6129089b6ac6bff4e64ad,1,0xf5ea38e4fd377dccb9a6129089b6ac6bff4e64ad,address,56,0xf5ea38e4fd377dccb9a6129089b6ac6bff4e64ad,0xf5ea38e4fd377dccb9a6129089b6ac6bff4e64ad,1726493189
hashdit_address_api_risk,user evaluated a high-risk address 30 time(s). Please do your own research (DYOR) when interacting with this address.,https://dappbay.bnbchain.org/risk-scanner/0x108921bd473c7bf616c1e821ef76d4870771a505,1,0x108921bd473c7bf616c1e821ef76d4870771a505,address,56,0x108921bd473c7bf616c1e821ef76d4870771a505,0x108921bd473c7bf616c1e821ef76d4870771a505,1726492944
hashdit_address_api_risk,user evaluated a high-risk address 50 time(s). Please do your own research (DYOR) when interacting with this address.,https://dappbay.bnbchain.org/risk-scanner/0xe0b35f280e2e73b09afbe8743f4be72735c5103b,1,0xe0b35f280e2e73b09afbe8743f4be72735c5103b,address,56,0xe0b35f280e2e73b09afbe8743f4be72735c5103b,0xe0b35f280e2e73b09afbe8743f4be72735c5103b,1726492935
hashdit_address_api_risk,user evaluated a high-risk address 1 time(s). Please do your own research (DYOR) when interacting with this address.,https://dappbay.bnbchain.org/risk-scanner/0x33b0c0dc1eeed612a19fec91f36cda78cf253386,1,0x33b0c0dc1eeed612a19fec91f36cda78cf253386,address,56,0x33b0c0dc1eeed612a19fec91f36cda78cf253386,0x33b0c0dc1eeed612a19fec91f36cda78cf253386,1726492867
hashdit_address_api_risk,user evaluated a high-risk address 1 time(s). Please do your own research (DYOR) when interacting with this address.,https://dappbay.bnbchain.org/risk-scanner/0xd262c83775392cc4fe77607f1e825cd9d064f416,1,0xd262c83775392cc4fe77607f1e825cd9d064f416,address,56,0xd262c83775392cc4fe77607f1e825cd9d064f416,0xd262c83775392cc4fe77607f1e825cd9d064f416,1726492672
hashdit_address_api_risk,user evaluated a high-risk address 1 time(s). Please do your own research (DYOR) when interacting with this address.,https://dappbay.bnbchain.org/risk-scanner/0x5653246aee160e2ce7a742eabc176dbcb81a555e,1,0x5653246aee160e2ce7a742eabc176dbcb81a555e,address,56,0x5653246aee160e2ce7a742eabc176dbcb81a555e,0x5653246aee160e2ce7a742eabc176dbcb81a555e,1726492377
hashdit_address_api_risk,user evaluated a high-risk address 1 time(s). Please do your own research (DYOR) when interacting with this address.,https://dappbay.bnbchain.org/risk-scanner/0x675e2fb9e9a59cd843d691b67e58602bfcc22249,1,0x675e2fb9e9a59cd843d691b67e58602bfcc22249,address,56,0x675e2fb9e9a59cd843d691b67e58602bfcc22249,0x675e2fb9e9a59cd843d691b67e58602bfcc22249,1726492249
hashdit_address_api_risk,user evaluated a high-risk address 1 time(s). Please do your own research (DYOR) when interacting with this address.,https://dappbay.bnbchain.org/risk-scanner/0xcb34357b9aee91baa53adac967545b5865493341,1,0xcb34357b9aee91baa53adac967545b5865493341,address,56,0xcb34357b9aee91baa53adac967545b5865493341,0xcb34357b9aee91baa53adac967545b5865493341,1726491775
hashdit_address_api_risk,user evaluated a high-risk address 1 time(s). Please do your own research (DYOR) when interacting with this address.,https://dappbay.bnbchain.org/risk-scanner/0x303dd8f8d94cb6e97458208dec8e79ec73c19dc7,1,0x303dd8f8d94cb6e97458208dec8e79ec73c19dc7,address,56,0x303dd8f8d94cb6e97458208dec8e79ec73c19dc7,0x303dd8f8d94cb6e97458208dec8e79ec73c19dc7,1726491755
hashdit_address_api_risk,user evaluated a high-risk address 1 time(s). Please do your own research (DYOR) when interacting with this address.,https://dappbay.bnbchain.org/risk-scanner/0x1e5a9c649fc42022b92d0009f94bde6d693eb5cd,1,0x1e5a9c649fc42022b92d0009f94bde6d693eb5cd,address,56,0x1e5a9c649fc42022b92d0009f94bde6d693eb5cd,0x1e5a9c649fc42022b92d0009f94bde6d693eb5cd,1726491697
hashdit_address_api_risk,user evaluated a high-risk address 1 time(s). Please do your own research (DYOR) when interacting with this address.,https://dappbay.bnbchain.org/risk-scanner/0x476b32629953916a884d3d20f71e24cc74082d41,1,0x476b32629953916a884d3d20f71e24cc74082d41,address,56,0x476b32629953916a884d3d20f71e24cc74082d41,0x476b32629953916a884d3d20f71e24cc74082d41,1726491645
hashdit_address_api_risk,user evaluated a high-risk address 1 time(s). Please do your own research (DYOR) when interacting with this address.,https://dappbay.bnbchain.org/risk-scanner/0x8bf2413b4a0817244bd6004faa282f04b2a6d6ee,1,0x8bf2413b4a0817244bd6004faa282f04b2a6d6ee,address,56,0x8bf2413b4a0817244bd6004faa282f04b2a6d6ee,0x8bf2413b4a0817244bd6004faa282f04b2a6d6ee,1726491614
hashdit_address_api_risk,user evaluated a high-risk address 40 time(s). Please do your own research (DYOR) when interacting with this address.,https://dappbay.bnbchain.org/risk-scanner/0xb003e2838c260fc976cbb7c38a8e2bc31d5ab909,1,0xb003e2838c260fc976cbb7c38a8e2bc31d5ab909,address,56,0xb003e2838c260fc976cbb7c38a8e2bc31d5ab909,0xb003e2838c260fc976cbb7c38a8e2bc31d5ab909,1726491333
hashdit_address_api_risk,user evaluated a high-risk address 1 time(s). Please do your own research (DYOR) when interacting with this address.,https://dappbay.bnbchain.org/risk-scanner/0xbcac00d7405d38efc8b89beb8484c14fb26157b7,1,0xbcac00d7405d38efc8b89beb8484c14fb26157b7,address,56,0xbcac00d7405d38efc8b89beb8484c14fb26157b7,0xbcac00d7405d38efc8b89beb8484c14fb26157b7,1726491092
hashdit_address_api_risk,user evaluated a high-risk address 1 time(s). Please do your own research (DYOR) when interacting with this address.,https://dappbay.bnbchain.org/risk-scanner/0x046c91c5409211255dba5ca99b275d6b0355b9cd,1,0x046c91c5409211255dba5ca99b275d6b0355b9cd,address,56,0x046c91c5409211255dba5ca99b275d6b0355b9cd,0x046c91c5409211255dba5ca99b275d6b0355b9cd,1726491037
hashdit_address_api_risk,user evaluated a high-risk address 1 time(s). Please do your own research (DYOR) when interacting with this address.,https://dappbay.bnbchain.org/risk-scanner/0x6242b82f5603c6839decc5b65f0818da5f93f595,1,0x6242b82f5603c6839decc5b65f0818da5f93f595,address,56,0x6242b82f5603c6839decc5b65f0818da5f93f595,0x6242b82f5603c6839decc5b65f0818da5f93f595,1726490351
hashdit_address_api_risk,user evaluated a high-risk address 1 time(s). Please do your own research (DYOR) when interacting with this address.,,1,0x70afc35a65ea2c6b52b5c31496e95792951d34f3,address,1,0x70afc35a65ea2c6b52b5c31496e95792951d34f3,0x70afc35a65ea2c6b52b5c31496e95792951d34f3,1726490215
hashdit_address_api_risk,user evaluated a high-risk address 1 time(s). Please do your own research (DYOR) when interacting with this address.,https://dappbay.bnbchain.org/risk-scanner/0xe7015ce66598f33f19691b852dae3b9bb26c9f81,1,0xe7015ce66598f33f19691b852dae3b9bb26c9f81,address,56,0xe7015ce66598f33f19691b852dae3b9bb26c9f81,0xe7015ce66598f33f19691b852dae3b9bb26c9f81,1726489870
hashdit_address_api_risk,user evaluated a high-risk address 1 time(s). Please do your own research (DYOR) when interacting with this address.,https://dappbay.bnbchain.org/risk-scanner/0x129cc6fe12826ce07c28ec96f7d203cf0f68d057,1,0x129cc6fe12826ce07c28ec96f7d203cf0f68d057,address,56,0x129cc6fe12826ce07c28ec96f7d203cf0f68d057,0x129cc6fe12826ce07c28ec96f7d203cf0f68d057,1726489595
hashdit_address_api_risk,user evaluated a high-risk address 3 time(s). Please do your own research (DYOR) when interacting with this address.,https://dappbay.bnbchain.org/risk-scanner/0xdefe71f960b4bfd6d825944bf917b68e92036340,1,0xdefe71f960b4bfd6d825944bf917b68e92036340,address,56,0xdefe71f960b4bfd6d825944bf917b68e92036340,0xdefe71f960b4bfd6d825944bf917b68e92036340,1726489171
hashdit_address_api_risk,user evaluated a high-risk address 1 time(s). Please do your own research (DYOR) when interacting with this address.,https://dappbay.bnbchain.org/risk-scanner/0x1a0c176f6fa1254fd8a6dd99cbb8c213a0546350,1,0x1a0c176f6fa1254fd8a6dd99cbb8c213a0546350,address,56,0x1a0c176f6fa1254fd8a6dd99cbb8c213a0546350,0x1a0c176f6fa1254fd8a6dd99cbb8c213a0546350,1726488984
hashdit_address_api_risk,user evaluated a high-risk address 10 time(s). Please do your own research (DYOR) when interacting with this address.,https://dappbay.bnbchain.org/risk-scanner/0x2da135af2632f1cdb5e1cc14fc84b2a3e2b3f427,1,0x2da135af2632f1cdb5e1cc14fc84b2a3e2b3f427,address,56,0x2da135af2632f1cdb5e1cc14fc84b2a3e2b3f427,0x2da135af2632f1cdb5e1cc14fc84b2a3e2b3f427,1726487877
hashdit_address_api_risk,user evaluated a high-risk address 11 time(s). Please do your own research (DYOR) when interacting with this address.,https://dappbay.bnbchain.org/risk-scanner/0x946afab098a5ec03f602bc892e47e340e18e220a,1,0x946afab098a5ec03f602bc892e47e340e18e220a,address,56,0x946afab098a5ec03f602bc892e47e340e18e220a,0x946afab098a5ec03f602bc892e47e340e18e220a,1726487409
hashdit_address_api_risk,user evaluated a high-risk address 15 time(s). Please do your own research (DYOR) when interacting with this address.,https://dappbay.bnbchain.org/risk-scanner/0x406005881d454061292b450a72a19d45d493dc33,1,0x406005881d454061292b450a72a19d45d493dc33,address,56,0x406005881d454061292b450a72a19d45d493dc33,0x406005881d454061292b450a72a19d45d493dc33,1726487115
hashdit_address_api_risk,user evaluated a high-risk address 2 time(s). Please do your own research (DYOR) when interacting with this address.,https://dappbay.bnbchain.org/risk-scanner/0x84717c3f1052e8a26a7be24699d0c720bf9d1b17,1,0x84717c3f1052e8a26a7be24699d0c720bf9d1b17,address,56,0x84717c3f1052e8a26a7be24699d0c720bf9d1b17,0x84717c3f1052e8a26a7be24699d0c720bf9d1b17,1726486811
hashdit_address_api_risk,user evaluated a high-risk address 172 time(s). Please do your own research (DYOR) when interacting with this address.,https://dappbay.bnbchain.org/risk-scanner/0x79a1de544230bc82b6e214c0af8bf723edda8888,1,0x79a1de544230bc82b6e214c0af8bf723edda8888,address,56,0x79a1de544230bc82b6e214c0af8bf723edda8888,0x79a1de544230bc82b6e214c0af8bf723edda8888,1726486449
hashdit_address_api_risk,user evaluated a high-risk address 52 time(s). Please do your own research (DYOR) when interacting with this address.,https://dappbay.bnbchain.org/risk-scanner/0xe647e5f909a015c6bdcc72639517fb5af274c792,1,0xe647e5f909a015c6bdcc72639517fb5af274c792,address,56,0xe647e5f909a015c6bdcc72639517fb5af274c792,0xe647e5f909a015c6bdcc72639517fb5af274c792,1726486158
hashdit_address_api_risk,user evaluated a high-risk address 38 time(s). Please do your own research (DYOR) when interacting with this address.,https://dappbay.bnbchain.org/risk-scanner/0x16c2bcf1ab3071cc693d5690c9953ff274e1b7fe,1,0x16c2bcf1ab3071cc693d5690c9953ff274e1b7fe,address,56,0x16c2bcf1ab3071cc693d5690c9953ff274e1b7fe,0x16c2bcf1ab3071cc693d5690c9953ff274e1b7fe,1726486157
hashdit_address_api_risk,user evaluated a high-risk address 1 time(s). Please do your own research (DYOR) when interacting with this address.,https://dappbay.bnbchain.org/risk-scanner/0x662d1a6a5116721b120acea924f8a94932c236fd,1,0x662d1a6a5116721b120acea924f8a94932c236fd,address,56,0x662d1a6a5116721b120acea924f8a94932c236fd,0x662d1a6a5116721b120acea924f8a94932c236fd,1726486083
hashdit_address_api_risk,user evaluated a high-risk address 95 time(s). Please do your own research (DYOR) when interacting with this address.,https://dappbay.bnbchain.org/risk-scanner/0xe9de047c8c87853336bb698f85c72cb8652afd1e,1,0xe9de047c8c87853336bb698f85c72cb8652afd1e,address,56,0xe9de047c8c87853336bb698f85c72cb8652afd1e,0xe9de047c8c87853336bb698f85c72cb8652afd1e,1726485566
hashdit_address_api_risk,user evaluated a high-risk address 449 time(s). Please do your own research (DYOR) when interacting with this address.,https://dappbay.bnbchain.org/risk-scanner/0xa9434de6b8a7aba79261eee97ce244588dc91e4b,1,0xa9434de6b8a7aba79261eee97ce244588dc91e4b,address,56,0xa9434de6b8a7aba79261eee97ce244588dc91e4b,0xa9434de6b8a7aba79261eee97ce244588dc91e4b,1726485562
hashdit_address_api_risk,user evaluated a high-risk address 25 time(s). Please do your own research (DYOR) when interacting with this address.,https://dappbay.bnbchain.org/risk-scanner/0x1bbc47c791baa36c29d9289b38582422adbbf8f1,1,0x1bbc47c791baa36c29d9289b38582422adbbf8f1,address,56,0x1bbc47c791baa36c29d9289b38582422adbbf8f1,0x1bbc47c791baa36c29d9289b38582422adbbf8f1,1726484733
hashdit_address_api_risk,user evaluated a high-risk address 8 time(s). Please do your own research (DYOR) when interacting with this address.,https://dappbay.bnbchain.org/risk-scanner/0x30c384fd880fbe163996c8188483fdfd006c85a4,1,0x30c384fd880fbe163996c8188483fdfd006c85a4,address,56,0x30c384fd880fbe163996c8188483fdfd006c85a4,0x30c384fd880fbe163996c8188483fdfd006c85a4,1726484276
hashdit_address_api_risk,user evaluated a high-risk address 1 time(s). Please do your own research (DYOR) when interacting with this address.,https://dappbay.bnbchain.org/risk-scanner/0x37fd684ca41006a4e6bbae87161de824f9fd6f52,1,0x37fd684ca41006a4e6bbae87161de824f9fd6f52,address,56,0x37fd684ca41006a4e6bbae87161de824f9fd6f52,0x37fd684ca41006a4e6bbae87161de824f9fd6f52,1726484196
hashdit_address_api_risk,user evaluated a high-risk address 2 time(s). Please do your own research (DYOR) when interacting with this address.,https://dappbay.bnbchain.org/risk-scanner/0xcbf408d9998f23320030648db8f84a3c78816972,1,0xcbf408d9998f23320030648db8f84a3c78816972,address,56,0xcbf408d9998f23320030648db8f84a3c78816972,0xcbf408d9998f23320030648db8f84a3c78816972,1726483253
hashdit_address_api_risk,user evaluated a high-risk address 4 time(s). Please do your own research (DYOR) when interacting with this address.,https://dappbay.bnbchain.org/risk-scanner/0x8b2fbbb49e93aff8f090e63a40f514ddea0ae2d4,1,0x8b2fbbb49e93aff8f090e63a40f514ddea0ae2d4,address,56,0x8b2fbbb49e93aff8f090e63a40f514ddea0ae2d4,0x8b2fbbb49e93aff8f090e63a40f514ddea0ae2d4,1726483227
hashdit_address_api_risk,user evaluated a high-risk address 1 time(s). Please do your own research (DYOR) when interacting with this address.,,1,0xb1eed81a26bc7f115770509cfe4b1c8d98ac683b,address,1,0xb1eed81a26bc7f115770509cfe4b1c8d98ac683b,0xb1eed81a26bc7f115770509cfe4b1c8d98ac683b,1726483091
hashdit_address_api_risk,user evaluated a high-risk address 73 time(s). Please do your own research (DYOR) when interacting with this address.,https://dappbay.bnbchain.org/risk-scanner/0x575717cc90d6dd7ff976228ba2453a586762bf9f,1,0x575717cc90d6dd7ff976228ba2453a586762bf9f,address,56,0x575717cc90d6dd7ff976228ba2453a586762bf9f,0x575717cc90d6dd7ff976228ba2453a586762bf9f,1726482714
hashdit_address_api_risk,user evaluated a high-risk address 1 time(s). Please do your own research (DYOR) when interacting with this address.,https://dappbay.bnbchain.org/risk-scanner/0xf1f6c2cc6b6d6b851a44aa08b73a4efabe9034bd,1,0xf1f6c2cc6b6d6b851a44aa08b73a4efabe9034bd,address,56,0xf1f6c2cc6b6d6b851a44aa08b73a4efabe9034bd,0xf1f6c2cc6b6d6b851a44aa08b73a4efabe9034bd,1726482084
hashdit_address_api_risk,user evaluated a high-risk address 1 time(s). Please do your own research (DYOR) when interacting with this address.,https://dappbay.bnbchain.org/risk-scanner/0xd721607a332f9dc7d5127dd7d5a6de4be0bf7239,1,0xd721607a332f9dc7d5127dd7d5a6de4be0bf7239,address,56,0xd721607a332f9dc7d5127dd7d5a6de4be0bf7239,0xd721607a332f9dc7d5127dd7d5a6de4be0bf7239,1726481704
hashdit_address_api_risk,user evaluated a high-risk address 1 time(s). Please do your own research (DYOR) when interacting with this address.,,1,0xfed462ad756718b2ce0cecf2f973e0ed716b1c7b,address,1,0xfed462ad756718b2ce0cecf2f973e0ed716b1c7b,0xfed462ad756718b2ce0cecf2f973e0ed716b1c7b,1726481242
hashdit_address_api_risk,user evaluated a high-risk address 1 time(s). Please do your own research (DYOR) when interacting with this address.,,1,0xdac4900d6ff694c71afaac81c46fb0cf57a76de5,address,1,0xdac4900d6ff694c71afaac81c46fb0cf57a76de5,0xdac4900d6ff694c71afaac81c46fb0cf57a76de5,1726481080
hashdit_address_api_risk,user evaluated a high-risk address 45 time(s). Please do your own research (DYOR) when interacting with this address.,https://dappbay.bnbchain.org/risk-scanner/0xb6dd1f2955a79328c38c1fcfb80a4794d0dcd1d6,1,0xb6dd1f2955a79328c38c1fcfb80a4794d0dcd1d6,address,56,0xb6dd1f2955a79328c38c1fcfb80a4794d0dcd1d6,0xb6dd1f2955a79328c38c1fcfb80a4794d0dcd1d6,1726481047
hashdit_address_api_risk,user evaluated a high-risk address 1 time(s). Please do your own research (DYOR) when interacting with this address.,,1,0x78705c05cac2624eb4ad6194f3f6420630e2bca4,address,1,0x78705c05cac2624eb4ad6194f3f6420630e2bca4,0x78705c05cac2624eb4ad6194f3f6420630e2bca4,1726481033
hashdit_address_api_risk,user evaluated a high-risk address 1 time(s). Please do your own research (DYOR) when interacting with this address.,,1,0x100818a467a389261ce9d6fc4b3e8c2c7c8f268f,address,1,0x100818a467a389261ce9d6fc4b3e8c2c7c8f268f,0x100818a467a389261ce9d6fc4b3e8c2c7c8f268f,1726480974
hashdit_address_api_risk,user evaluated a high-risk address 1 time(s). Please do your own research (DYOR) when interacting with this address.,,1,0x000063dffb9b63618ef7c971f31bf503071b0000,address,1,0x000063dffb9b63618ef7c971f31bf503071b0000,0x000063dffb9b63618ef7c971f31bf503071b0000,1726480881
hashdit_address_api_risk,user evaluated a high-risk address 7 time(s). Please do your own research (DYOR) when interacting with this address.,https://dappbay.bnbchain.org/risk-scanner/0xbf5c3f9fb68d58e3e1e4618e8765207aab2d0a73,1,0xbf5c3f9fb68d58e3e1e4618e8765207aab2d0a73,address,56,0xbf5c3f9fb68d58e3e1e4618e8765207aab2d0a73,0xbf5c3f9fb68d58e3e1e4618e8765207aab2d0a73,1726480813
hashdit_address_api_risk,user evaluated a high-risk address 9 time(s). Please do your own research (DYOR) when interacting with this address.,https://dappbay.bnbchain.org/risk-scanner/0xf9770fe86f37620c40aced7910ba608e39232aee,1,0xf9770fe86f37620c40aced7910ba608e39232aee,address,56,0xf9770fe86f37620c40aced7910ba608e39232aee,0xf9770fe86f37620c40aced7910ba608e39232aee,1726480123
hashdit_address_api_risk,user evaluated a high-risk address 7 time(s). Please do your own research (DYOR) when interacting with this address.,https://dappbay.bnbchain.org/risk-scanner/0x4e1b5ca1fd70d93605b537a069617279fb4c7446,1,0x4e1b5ca1fd70d93605b537a069617279fb4c7446,address,56,0x4e1b5ca1fd70d93605b537a069617279fb4c7446,0x4e1b5ca1fd70d93605b537a069617279fb4c7446,1726479976
hashdit_address_api_risk,user evaluated a high-risk address 91 time(s). Please do your own research (DYOR) when interacting with this address.,https://dappbay.bnbchain.org/risk-scanner/0x9cc42a5b2dcef346584f4283eef8c882c722ff20,1,0x9cc42a5b2dcef346584f4283eef8c882c722ff20,address,56,0x9cc42a5b2dcef346584f4283eef8c882c722ff20,0x9cc42a5b2dcef346584f4283eef8c882c722ff20,1726479761
hashdit_address_api_risk,user evaluated a high-risk address 29 time(s). Please do your own research (DYOR) when interacting with this address.,https://dappbay.bnbchain.org/risk-scanner/0x2e1a87455cf793a7fb7b4aee90197b1ea215ae21,1,0x2e1a87455cf793a7fb7b4aee90197b1ea215ae21,address,56,0x2e1a87455cf793a7fb7b4aee90197b1ea215ae21,0x2e1a87455cf793a7fb7b4aee90197b1ea215ae21,1726478668
hashdit_address_api_risk,user evaluated a high-risk address 2 time(s). Please do your own research (DYOR) when interacting with this address.,https://dappbay.bnbchain.org/risk-scanner/0x656d4c13e73a9bdf48600257d20f2163742e4ca7,1,0x656d4c13e73a9bdf48600257d20f2163742e4ca7,address,56,0x656d4c13e73a9bdf48600257d20f2163742e4ca7,0x656d4c13e73a9bdf48600257d20f2163742e4ca7,1726478348
hashdit_address_api_risk,user evaluated a high-risk address 1 time(s). Please do your own research (DYOR) when interacting with this address.,https://dappbay.bnbchain.org/risk-scanner/0x155c5a7e0e08b5ecf5c7abf2566fceaee8f15acd,1,0x155c5a7e0e08b5ecf5c7abf2566fceaee8f15acd,address,56,0x155c5a7e0e08b5ecf5c7abf2566fceaee8f15acd,0x155c5a7e0e08b5ecf5c7abf2566fceaee8f15acd,1726478267
hashdit_address_api_risk,user evaluated a high-risk address 1 time(s). Please do your own research (DYOR) when interacting with this address.,,1,0xe67b5f231ebba30b8af36a8a32343a1a93a0d21e,address,1,0xe67b5f231ebba30b8af36a8a32343a1a93a0d21e,0xe67b5f231ebba30b8af36a8a32343a1a93a0d21e,1726477638
hashdit_address_api_risk,user evaluated a high-risk address 1 time(s). Please do your own research (DYOR) when interacting with this address.,,1,0x55a3711290dab679ee5ed886416ee018c4525ba1,address,137,0x55a3711290dab679ee5ed886416ee018c4525ba1,0x55a3711290dab679ee5ed886416ee018c4525ba1,1726477251
hashdit_address_api_risk,user evaluated a high-risk address 2 time(s). Please do your own research (DYOR) when interacting with this address.,https://dappbay.bnbchain.org/risk-scanner/0x0057cb137f56099bf3875ee27fcfb3dbc2ac2983,1,0x0057cb137f56099bf3875ee27fcfb3dbc2ac2983,address,56,0x0057cb137f56099bf3875ee27fcfb3dbc2ac2983,0x0057cb137f56099bf3875ee27fcfb3dbc2ac2983,1726476194
hashdit_address_api_risk,user evaluated a high-risk address 1 time(s). Please do your own research (DYOR) when interacting with this address.,https://dappbay.bnbchain.org/risk-scanner/0xb8acd9c16780234612fbf9f4c8f2fdf4b7a9a76f,1,0xb8acd9c16780234612fbf9f4c8f2fdf4b7a9a76f,address,56,0xb8acd9c16780234612fbf9f4c8f2fdf4b7a9a76f,0xb8acd9c16780234612fbf9f4c8f2fdf4b7a9a76f,1726475670
hashdit_address_api_risk,user evaluated a high-risk address 1 time(s). Please do your own research (DYOR) when interacting with this address.,https://dappbay.bnbchain.org/risk-scanner/0x622f6d8f10552f77ff6793373fc9f5900ad23493,1,0x622f6d8f10552f77ff6793373fc9f5900ad23493,address,56,0x622f6d8f10552f77ff6793373fc9f5900ad23493,0x622f6d8f10552f77ff6793373fc9f5900ad23493,1726475650
hashdit_address_api_risk,user evaluated a high-risk address 15 time(s). Please do your own research (DYOR) when interacting with this address.,https://dappbay.bnbchain.org/risk-scanner/0x7de6aedc2c4e09bad6637b128445e484b5f12d33,1,0x7de6aedc2c4e09bad6637b128445e484b5f12d33,address,56,0x7de6aedc2c4e09bad6637b128445e484b5f12d33,0x7de6aedc2c4e09bad6637b128445e484b5f12d33,1726475198
hashdit_address_api_risk,user evaluated a high-risk address 1 time(s). Please do your own research (DYOR) when interacting with this address.,,1,0xd0b9c061cb17c30e8930c6c73c40e05e06a4ae77,address,137,0xd0b9c061cb17c30e8930c6c73c40e05e06a4ae77,0xd0b9c061cb17c30e8930c6c73c40e05e06a4ae77,1726475179
hashdit_address_api_risk,user evaluated a high-risk address 1 time(s). Please do your own research (DYOR) when interacting with this address.,https://dappbay.bnbchain.org/risk-scanner/0x0e1d653a96ce0eced3852caac795a3fa91426f94,1,0x0e1d653a96ce0eced3852caac795a3fa91426f94,address,56,0x0e1d653a96ce0eced3852caac795a3fa91426f94,0x0e1d653a96ce0eced3852caac795a3fa91426f94,1726474308
hashdit_address_api_risk,user evaluated a high-risk address 1 time(s). Please do your own research (DYOR) when interacting with this address.,https://dappbay.bnbchain.org/risk-scanner/0xdd4e6125b80832385b3d0c4820ae47b25e398544,1,0xdd4e6125b80832385b3d0c4820ae47b25e398544,address,56,0xdd4e6125b80832385b3d0c4820ae47b25e398544,0xdd4e6125b80832385b3d0c4820ae47b25e398544,1726473978
hashdit_address_api_risk,user evaluated a high-risk address 278 time(s). Please do your own research (DYOR) when interacting with this address.,https://dappbay.bnbchain.org/risk-scanner/0x9f7775f5f7104280e051e1aa28ed2dfe9ec93f20,1,0x9f7775f5f7104280e051e1aa28ed2dfe9ec93f20,address,56,0x9f7775f5f7104280e051e1aa28ed2dfe9ec93f20,0x9f7775f5f7104280e051e1aa28ed2dfe9ec93f20,1726473776
hashdit_address_api_risk,user evaluated a high-risk address 1 time(s). Please do your own research (DYOR) when interacting with this address.,,1,0xbef25e0b188f0090c7ac88488d97b2aac77b4d4d,address,1,0xbef25e0b188f0090c7ac88488d97b2aac77b4d4d,0xbef25e0b188f0090c7ac88488d97b2aac77b4d4d,1726473733
hashdit_address_api_risk,user evaluated a high-risk address 99 time(s). Please do your own research (DYOR) when interacting with this address.,https://dappbay.bnbchain.org/risk-scanner/0x9f2ba1b52d0ab13fa28e9c5802e404421b1e95a3,1,0x9f2ba1b52d0ab13fa28e9c5802e404421b1e95a3,address,56,0x9f2ba1b52d0ab13fa28e9c5802e404421b1e95a3,0x9f2ba1b52d0ab13fa28e9c5802e404421b1e95a3,1726473521
hashdit_address_api_risk,user evaluated a high-risk address 60 time(s). Please do your own research (DYOR) when interacting with this address.,https://dappbay.bnbchain.org/risk-scanner/0x2156706134aa49bafad11d0763fbc6f20706f15d,1,0x2156706134aa49bafad11d0763fbc6f20706f15d,address,56,0x2156706134aa49bafad11d0763fbc6f20706f15d,0x2156706134aa49bafad11d0763fbc6f20706f15d,1726472530
hashdit_address_api_risk,user evaluated a high-risk address 56 time(s). Please do your own research (DYOR) when interacting with this address.,https://dappbay.bnbchain.org/risk-scanner/0xc436cfa5498f8f78765a12ed4b20ab5aa11a482b,1,0xc436cfa5498f8f78765a12ed4b20ab5aa11a482b,address,56,0xc436cfa5498f8f78765a12ed4b20ab5aa11a482b,0xc436cfa5498f8f78765a12ed4b20ab5aa11a482b,1726472328
hashdit_address_api_risk,user evaluated a high-risk address 25 time(s). Please do your own research (DYOR) when interacting with this address.,https://dappbay.bnbchain.org/risk-scanner/0x7dd43d77d22f6455f6dcc4d718e612916c14409b,1,0x7dd43d77d22f6455f6dcc4d718e612916c14409b,address,56,0x7dd43d77d22f6455f6dcc4d718e612916c14409b,0x7dd43d77d22f6455f6dcc4d718e612916c14409b,1726472251
hashdit_address_api_risk,user evaluated a high-risk address 7 time(s). Please do your own research (DYOR) when interacting with this address.,https://dappbay.bnbchain.org/risk-scanner/0xbaaccae6ddb47bc603bd35072935340c89615456,1,0xbaaccae6ddb47bc603bd35072935340c89615456,address,56,0xbaaccae6ddb47bc603bd35072935340c89615456,0xbaaccae6ddb47bc603bd35072935340c89615456,1726470932
hashdit_address_api_risk,user evaluated a high-risk address 6 time(s). Please do your own research (DYOR) when interacting with this address.,https://dappbay.bnbchain.org/risk-scanner/0x1bd9aca37584845c41c0a48e87954bc7428db9e6,1,0x1bd9aca37584845c41c0a48e87954bc7428db9e6,address,56,0x1bd9aca37584845c41c0a48e87954bc7428db9e6,0x1bd9aca37584845c41c0a48e87954bc7428db9e6,1726470630
hashdit_address_api_risk,user evaluated a high-risk address 1 time(s). Please do your own research (DYOR) when interacting with this address.,https://dappbay.bnbchain.org/risk-scanner/0xfa1c41baddd2a9edf2652eab4b306bf4764bce03,1,0xfa1c41baddd2a9edf2652eab4b306bf4764bce03,address,56,0xfa1c41baddd2a9edf2652eab4b306bf4764bce03,0xfa1c41baddd2a9edf2652eab4b306bf4764bce03,1726470465
hashdit_address_api_risk,user evaluated a high-risk address 6 time(s). Please do your own research (DYOR) when interacting with this address.,https://dappbay.bnbchain.org/risk-scanner/0xea6cd896be51c42831220f40a2977788be6f9abd,1,0xea6cd896be51c42831220f40a2977788be6f9abd,address,56,0xea6cd896be51c42831220f40a2977788be6f9abd,0xea6cd896be51c42831220f40a2977788be6f9abd,1726470419
hashdit_address_api_risk,user evaluated a high-risk address 6 time(s). Please do your own research (DYOR) when interacting with this address.,https://dappbay.bnbchain.org/risk-scanner/0xc4eacad89782e88a9887c417cca2945caf053e65,1,0xc4eacad89782e88a9887c417cca2945caf053e65,address,56,0xc4eacad89782e88a9887c417cca2945caf053e65,0xc4eacad89782e88a9887c417cca2945caf053e65,1726469903
hashdit_address_api_risk,user evaluated a high-risk address 1 time(s). Please do your own research (DYOR) when interacting with this address.,https://dappbay.bnbchain.org/risk-scanner/0xe2a3a73ff217de08c763641757e7340d84847d25,1,0xe2a3a73ff217de08c763641757e7340d84847d25,address,56,0xe2a3a73ff217de08c763641757e7340d84847d25,0xe2a3a73ff217de08c763641757e7340d84847d25,1726469549
hashdit_address_api_risk,user evaluated a high-risk address 1 time(s). Please do your own research (DYOR) when interacting with this address.,,1,0xe2a3a73ff217de08c763641757e7340d84847d25,address,1,0xe2a3a73ff217de08c763641757e7340d84847d25,0xe2a3a73ff217de08c763641757e7340d84847d25,1726469520
hashdit_address_api_risk,user evaluated a high-risk address 2 time(s). Please do your own research (DYOR) when interacting with this address.,https://dappbay.bnbchain.org/risk-scanner/0xb51b98b1fb4adbc2e304de29992963c23f8bf315,1,0xb51b98b1fb4adbc2e304de29992963c23f8bf315,address,56,0xb51b98b1fb4adbc2e304de29992963c23f8bf315,0xb51b98b1fb4adbc2e304de29992963c23f8bf315,1726466972
hashdit_address_api_risk,user evaluated a high-risk address 2 time(s). Please do your own research (DYOR) when interacting with this address.,https://dappbay.bnbchain.org/risk-scanner/0xad2cf3867cddedc58f7c49a97ba5e93a0d7754ec,1,0xad2cf3867cddedc58f7c49a97ba5e93a0d7754ec,address,56,0xad2cf3867cddedc58f7c49a97ba5e93a0d7754ec,0xad2cf3867cddedc58f7c49a97ba5e93a0d7754ec,1726465966
hashdit_address_api_risk,user evaluated a high-risk address 2 time(s). Please do your own research (DYOR) when interacting with this address.,,1,0x8e58ae4d1bb510fe606f40729b35b7ef23efd2eb,address,1,0x8e58ae4d1bb510fe606f40729b35b7ef23efd2eb,0x8e58ae4d1bb510fe606f40729b35b7ef23efd2eb,1726465905
hashdit_address_api_risk,user evaluated a high-risk address 9 time(s). Please do your own research (DYOR) when interacting with this address.,,1,0x50af0f8abc7f4b59a55261565f60cdaf1588e9a6,address,1,0x50af0f8abc7f4b59a55261565f60cdaf1588e9a6,0x50af0f8abc7f4b59a55261565f60cdaf1588e9a6,1726464751
hashdit_address_api_risk,user evaluated a high-risk address 7 time(s). Please do your own research (DYOR) when interacting with this address.,https://dappbay.bnbchain.org/risk-scanner/0xee42db76b6ef0437bba1606a8a2591276baf19ca,1,0xee42db76b6ef0437bba1606a8a2591276baf19ca,address,56,0xee42db76b6ef0437bba1606a8a2591276baf19ca,0xee42db76b6ef0437bba1606a8a2591276baf19ca,1726464185
hashdit_address_api_risk,user evaluated a high-risk address 1 time(s). Please do your own research (DYOR) when interacting with this address.,https://dappbay.bnbchain.org/risk-scanner/0xbbfb67dbe3153ae6024d73456679d50f7e412b31,1,0xbbfb67dbe3153ae6024d73456679d50f7e412b31,address,56,0xbbfb67dbe3153ae6024d73456679d50f7e412b31,0xbbfb67dbe3153ae6024d73456679d50f7e412b31,1726461824
hashdit_address_api_risk,user evaluated a high-risk address 48 time(s). Please do your own research (DYOR) when interacting with this address.,https://dappbay.bnbchain.org/risk-scanner/0x2ec9fc639848483981ae418cb075884ed8e37171,1,0x2ec9fc639848483981ae418cb075884ed8e37171,address,56,0x2ec9fc639848483981ae418cb075884ed8e37171,0x2ec9fc639848483981ae418cb075884ed8e37171,1726461750
hashdit_address_api_risk,user evaluated a high-risk address 63 time(s). Please do your own research (DYOR) when interacting with this address.,https://dappbay.bnbchain.org/risk-scanner/0x0b4715e8dbdd52b72ac316edf8c94fad48acddb8,1,0x0b4715e8dbdd52b72ac316edf8c94fad48acddb8,address,56,0x0b4715e8dbdd52b72ac316edf8c94fad48acddb8,0x0b4715e8dbdd52b72ac316edf8c94fad48acddb8,1726461689
hashdit_address_api_risk,user evaluated a high-risk address 7 time(s). Please do your own research (DYOR) when interacting with this address.,https://dappbay.bnbchain.org/risk-scanner/0x4bccf518594697d775e125c04e5ad8419dcad78f,1,0x4bccf518594697d775e125c04e5ad8419dcad78f,address,56,0x4bccf518594697d775e125c04e5ad8419dcad78f,0x4bccf518594697d775e125c04e5ad8419dcad78f,1726461482
hashdit_address_api_risk,user evaluated a high-risk address 2 time(s). Please do your own research (DYOR) when interacting with this address.,,1,0x000010f20caaefd301148f2e1f1b1cf5a5db0000,address,1,0x000010f20caaefd301148f2e1f1b1cf5a5db0000,0x000010f20caaefd301148f2e1f1b1cf5a5db0000,1726459607
hashdit_address_api_risk,user evaluated a high-risk address 1 time(s). Please do your own research (DYOR) when interacting with this address.,,1,0xc374f7ec85f8c7de3207a10bb1978ba104bda3b2,address,1,0xc374f7ec85f8c7de3207a10bb1978ba104bda3b2,0xc374f7ec85f8c7de3207a10bb1978ba104bda3b2,1726458551
hashdit_address_api_risk,user evaluated a high-risk address 208 time(s). Please do your own research (DYOR) when interacting with this address.,https://dappbay.bnbchain.org/risk-scanner/0x2f218f2261566a1b6691a922697cb0fa59835743,1,0x2f218f2261566a1b6691a922697cb0fa59835743,address,56,0x2f218f2261566a1b6691a922697cb0fa59835743,0x2f218f2261566a1b6691a922697cb0fa59835743,1726458007
hashdit_address_api_risk,user evaluated a high-risk address 1 time(s). Please do your own research (DYOR) when interacting with this address.,https://dappbay.bnbchain.org/risk-scanner/0x1f978d654ade34f6616b27da07326bad1cd7ae68,1,0x1f978d654ade34f6616b27da07326bad1cd7ae68,address,56,0x1f978d654ade34f6616b27da07326bad1cd7ae68,0x1f978d654ade34f6616b27da07326bad1cd7ae68,1726455069
hashdit_address_api_risk,user evaluated a high-risk address 6 time(s). Please do your own research (DYOR) when interacting with this address.,https://dappbay.bnbchain.org/risk-scanner/0x30816528ec5451df42ccccd81a70d1ac10f91c09,1,0x30816528ec5451df42ccccd81a70d1ac10f91c09,address,56,0x30816528ec5451df42ccccd81a70d1ac10f91c09,0x30816528ec5451df42ccccd81a70d1ac10f91c09,1726454932
hashdit_address_api_risk,user evaluated a high-risk address 1 time(s). Please do your own research (DYOR) when interacting with this address.,,1,0x46a043ef76a8018013d0d329122e49854327ef5d,address,1,0x46a043ef76a8018013d0d329122e49854327ef5d,0x46a043ef76a8018013d0d329122e49854327ef5d,1726454293
hashdit_address_api_risk,user evaluated a high-risk address 1 time(s). Please do your own research (DYOR) when interacting with this address.,,1,0x82fd78c9e68ba140f7aba02fdaf57e279d057507,address,1,0x82fd78c9e68ba140f7aba02fdaf57e279d057507,0x82fd78c9e68ba140f7aba02fdaf57e279d057507,1726453663
hashdit_address_api_risk,user evaluated a high-risk address 13 time(s). Please do your own research (DYOR) when interacting with this address.,https://dappbay.bnbchain.org/risk-scanner/0x0bf3bacaf2442ecb7545709960056dbde23fd674,1,0x0bf3bacaf2442ecb7545709960056dbde23fd674,address,56,0x0bf3bacaf2442ecb7545709960056dbde23fd674,0x0bf3bacaf2442ecb7545709960056dbde23fd674,1726452685
hashdit_address_api_risk,user evaluated a high-risk address 46 time(s). Please do your own research (DYOR) when interacting with this address.,https://dappbay.bnbchain.org/risk-scanner/0x0825fd7876360957e36072c5c89cf603b548082d,1,0x0825fd7876360957e36072c5c89cf603b548082d,address,56,0x0825fd7876360957e36072c5c89cf603b548082d,0x0825fd7876360957e36072c5c89cf603b548082d,1726452020
hashdit_address_api_risk,user evaluated a high-risk address 20 time(s). Please do your own research (DYOR) when interacting with this address.,,1,0xebf56b58be8339a827f9e9bed5feae3a6c63a562,address,1,0xebf56b58be8339a827f9e9bed5feae3a6c63a562,0xebf56b58be8339a827f9e9bed5feae3a6c63a562,1726451978
hashdit_address_api_risk,user evaluated a high-risk address 7 time(s). Please do your own research (DYOR) when interacting with this address.,https://dappbay.bnbchain.org/risk-scanner/0xd67213d96c8a602e14a134caab06d014a1386374,1,0xd67213d96c8a602e14a134caab06d014a1386374,address,56,0xd67213d96c8a602e14a134caab06d014a1386374,0xd67213d96c8a602e14a134caab06d014a1386374,1726451436
hashdit_address_api_risk,user evaluated a high-risk address 1 time(s). Please do your own research (DYOR) when interacting with this address.,,1,0xacdf347e2ddffb26a948fb6e5a777029cbe8d032,address,1,0xacdf347e2ddffb26a948fb6e5a777029cbe8d032,0xacdf347e2ddffb26a948fb6e5a777029cbe8d032,1726450885
hashdit_address_api_risk,user evaluated a high-risk address 21 time(s). Please do your own research (DYOR) when interacting with this address.,https://dappbay.bnbchain.org/risk-scanner/0xc588daeae037015b1f0386120c1ff04e6ef3fe90,1,0xc588daeae037015b1f0386120c1ff04e6ef3fe90,address,56,0xc588daeae037015b1f0386120c1ff04e6ef3fe90,0xc588daeae037015b1f0386120c1ff04e6ef3fe90,1726450489
hashdit_address_api_risk,user evaluated a high-risk address 94 time(s). Please do your own research (DYOR) when interacting with this address.,https://dappbay.bnbchain.org/risk-scanner/0x64e9f6ddac2fc48f1a650df679dd78a29c81b944,1,0x64e9f6ddac2fc48f1a650df679dd78a29c81b944,address,56,0x64e9f6ddac2fc48f1a650df679dd78a29c81b944,0x64e9f6ddac2fc48f1a650df679dd78a29c81b944,1726449905
hashdit_address_api_risk,user evaluated a high-risk address 1 time(s). Please do your own research (DYOR) when interacting with this address.,,1,0x5268ed3ca6e50748728f138014aa429c1dc1ce8a,address,137,0x5268ed3ca6e50748728f138014aa429c1dc1ce8a,0x5268ed3ca6e50748728f138014aa429c1dc1ce8a,1726449349
hashdit_address_api_risk,user evaluated a high-risk address 1 time(s). Please do your own research (DYOR) when interacting with this address.,https://dappbay.bnbchain.org/risk-scanner/0xf022153e5ea34ce6fb60463aa8d6ae03c12ae2e5,1,0xf022153e5ea34ce6fb60463aa8d6ae03c12ae2e5,address,56,0xf022153e5ea34ce6fb60463aa8d6ae03c12ae2e5,0xf022153e5ea34ce6fb60463aa8d6ae03c12ae2e5,1726447594
hashdit_address_api_risk,user evaluated a high-risk address 79 time(s). Please do your own research (DYOR) when interacting with this address.,https://dappbay.bnbchain.org/risk-scanner/0xd6cf6052f380e0eddef55e3e9572f6ed654b267a,1,0xd6cf6052f380e0eddef55e3e9572f6ed654b267a,address,56,0xd6cf6052f380e0eddef55e3e9572f6ed654b267a,0xd6cf6052f380e0eddef55e3e9572f6ed654b267a,1726447490
hashdit_address_api_risk,user evaluated a high-risk address 19 time(s). Please do your own research (DYOR) when interacting with this address.,https://dappbay.bnbchain.org/risk-scanner/0x80a62091660e8dfb2863f03c0f76a6d1bf09e029,1,0x80a62091660e8dfb2863f03c0f76a6d1bf09e029,address,56,0x80a62091660e8dfb2863f03c0f76a6d1bf09e029,0x80a62091660e8dfb2863f03c0f76a6d1bf09e029,1726446831
hashdit_address_api_risk,user evaluated a high-risk address 22 time(s). Please do your own research (DYOR) when interacting with this address.,https://dappbay.bnbchain.org/risk-scanner/0x2d448654073f8e8c9e2fe953341d61c94f904877,1,0x2d448654073f8e8c9e2fe953341d61c94f904877,address,56,0x2d448654073f8e8c9e2fe953341d61c94f904877,0x2d448654073f8e8c9e2fe953341d61c94f904877,1726446585
hashdit_address_api_risk,user evaluated a high-risk address 1 time(s). Please do your own research (DYOR) when interacting with this address.,https://dappbay.bnbchain.org/risk-scanner/0x11543a88a40d00e0e9f0a673cdc4278e38823430,1,0x11543a88a40d00e0e9f0a673cdc4278e38823430,address,56,0x11543a88a40d00e0e9f0a673cdc4278e38823430,0x11543a88a40d00e0e9f0a673cdc4278e38823430,1726446263
hashdit_address_api_risk,user evaluated a high-risk address 1 time(s). Please do your own research (DYOR) when interacting with this address.,https://dappbay.bnbchain.org/risk-scanner/0xb56642f6d0e5e3bd8ae1f1900a254c644c6246e8,1,0xb56642f6d0e5e3bd8ae1f1900a254c644c6246e8,address,56,0xb56642f6d0e5e3bd8ae1f1900a254c644c6246e8,0xb56642f6d0e5e3bd8ae1f1900a254c644c6246e8,1726446237
hashdit_address_api_risk,user evaluated a high-risk address 3 time(s). Please do your own research (DYOR) when interacting with this address.,https://dappbay.bnbchain.org/risk-scanner/0x9ccd7671fde42d814430ccabcb5dda127526ec91,1,0x9ccd7671fde42d814430ccabcb5dda127526ec91,address,56,0x9ccd7671fde42d814430ccabcb5dda127526ec91,0x9ccd7671fde42d814430ccabcb5dda127526ec91,1726446234
hashdit_address_api_risk,user evaluated a high-risk address 1 time(s). Please do your own research (DYOR) when interacting with this address.,https://dappbay.bnbchain.org/risk-scanner/0x28eaa54eb2f0e412cf686d71abd2b24ada5f2ce8,1,0x28eaa54eb2f0e412cf686d71abd2b24ada5f2ce8,address,56,0x28eaa54eb2f0e412cf686d71abd2b24ada5f2ce8,0x28eaa54eb2f0e412cf686d71abd2b24ada5f2ce8,1726446230
hashdit_address_api_risk,user evaluated a high-risk address 1 time(s). Please do your own research (DYOR) when interacting with this address.,https://dappbay.bnbchain.org/risk-scanner/0x91f8223fb4122b8c0765a4d9c03bb081017a7cf5,1,0x91f8223fb4122b8c0765a4d9c03bb081017a7cf5,address,56,0x91f8223fb4122b8c0765a4d9c03bb081017a7cf5,0x91f8223fb4122b8c0765a4d9c03bb081017a7cf5,1726446211
hashdit_address_api_risk,user evaluated a high-risk address 1 time(s). Please do your own research (DYOR) when interacting with this address.,https://dappbay.bnbchain.org/risk-scanner/0xcb868d533903f99b89250f3ee2ab7e09b0436d6d,1,0xcb868d533903f99b89250f3ee2ab7e09b0436d6d,address,56,0xcb868d533903f99b89250f3ee2ab7e09b0436d6d,0xcb868d533903f99b89250f3ee2ab7e09b0436d6d,1726446199
hashdit_address_api_risk,user evaluated a high-risk address 1 time(s). Please do your own research (DYOR) when interacting with this address.,https://dappbay.bnbchain.org/risk-scanner/0x54b5a93f2446b80af64716abe489b7998d27b1e6,1,0x54b5a93f2446b80af64716abe489b7998d27b1e6,address,56,0x54b5a93f2446b80af64716abe489b7998d27b1e6,0x54b5a93f2446b80af64716abe489b7998d27b1e6,1726446175
hashdit_address_api_risk,user evaluated a high-risk address 1 time(s). Please do your own research (DYOR) when interacting with this address.,https://dappbay.bnbchain.org/risk-scanner/0xfc45f6b84dfac9ddc217d9567cf2fb30b3141bfb,1,0xfc45f6b84dfac9ddc217d9567cf2fb30b3141bfb,address,56,0xfc45f6b84dfac9ddc217d9567cf2fb30b3141bfb,0xfc45f6b84dfac9ddc217d9567cf2fb30b3141bfb,1726446173
hashdit_address_api_risk,user evaluated a high-risk address 1 time(s). Please do your own research (DYOR) when interacting with this address.,https://dappbay.bnbchain.org/risk-scanner/0xa527e42298361b425bcdc42bb6bc9712c15fd77f,1,0xa527e42298361b425bcdc42bb6bc9712c15fd77f,address,56,0xa527e42298361b425bcdc42bb6bc9712c15fd77f,0xa527e42298361b425bcdc42bb6bc9712c15fd77f,1726446171
hashdit_address_api_risk,user evaluated a high-risk address 1 time(s). Please do your own research (DYOR) when interacting with this address.,https://dappbay.bnbchain.org/risk-scanner/0xe02e9d2a86ca7e45c345cd3803dae1916f901cf3,1,0xe02e9d2a86ca7e45c345cd3803dae1916f901cf3,address,56,0xe02e9d2a86ca7e45c345cd3803dae1916f901cf3,0xe02e9d2a86ca7e45c345cd3803dae1916f901cf3,1726446170
hashdit_address_api_risk,user evaluated a high-risk address 1 time(s). Please do your own research (DYOR) when interacting with this address.,https://dappbay.bnbchain.org/risk-scanner/0x6895f18c7039f15f6fb8a7ae8deb17fd0de97350,1,0x6895f18c7039f15f6fb8a7ae8deb17fd0de97350,address,56,0x6895f18c7039f15f6fb8a7ae8deb17fd0de97350,0x6895f18c7039f15f6fb8a7ae8deb17fd0de97350,1726446077
hashdit_address_api_risk,user evaluated a high-risk address 1 time(s). Please do your own research (DYOR) when interacting with this address.,https://dappbay.bnbchain.org/risk-scanner/0x57355f345f25061711562dbbda553708431c24ce,1,0x57355f345f25061711562dbbda553708431c24ce,address,56,0x57355f345f25061711562dbbda553708431c24ce,0x57355f345f25061711562dbbda553708431c24ce,1726446077
hashdit_address_api_risk,user evaluated a high-risk address 1 time(s). Please do your own research (DYOR) when interacting with this address.,https://dappbay.bnbchain.org/risk-scanner/0xf98f3d9d05c0ee10fa2363e64e27857152e0a3c8,1,0xf98f3d9d05c0ee10fa2363e64e27857152e0a3c8,address,56,0xf98f3d9d05c0ee10fa2363e64e27857152e0a3c8,0xf98f3d9d05c0ee10fa2363e64e27857152e0a3c8,1726446074
hashdit_address_api_risk,user evaluated a high-risk address 1 time(s). Please do your own research (DYOR) when interacting with this address.,https://dappbay.bnbchain.org/risk-scanner/0x3a6b6ee7cf87382112717c9b6f99731ff09bac51,1,0x3a6b6ee7cf87382112717c9b6f99731ff09bac51,address,56,0x3a6b6ee7cf87382112717c9b6f99731ff09bac51,0x3a6b6ee7cf87382112717c9b6f99731ff09bac51,1726446073
hashdit_address_api_risk,user evaluated a high-risk address 1 time(s). Please do your own research (DYOR) when interacting with this address.,https://dappbay.bnbchain.org/risk-scanner/0xe606d8f4c95255deca1c215db6629a310faea348,1,0xe606d8f4c95255deca1c215db6629a310faea348,address,56,0xe606d8f4c95255deca1c215db6629a310faea348,0xe606d8f4c95255deca1c215db6629a310faea348,1726446072
hashdit_address_api_risk,user evaluated a high-risk address 1 time(s). Please do your own research (DYOR) when interacting with this address.,https://dappbay.bnbchain.org/risk-scanner/0xc7af00fcee9c57c808d4b033a2b8c0385c4d78f6,1,0xc7af00fcee9c57c808d4b033a2b8c0385c4d78f6,address,56,0xc7af00fcee9c57c808d4b033a2b8c0385c4d78f6,0xc7af00fcee9c57c808d4b033a2b8c0385c4d78f6,1726446072
hashdit_address_api_risk,user evaluated a high-risk address 1 time(s). Please do your own research (DYOR) when interacting with this address.,https://dappbay.bnbchain.org/risk-scanner/0xa783aada47737903f09f3bf8ede0c3efcfd7a9e0,1,0xa783aada47737903f09f3bf8ede0c3efcfd7a9e0,address,56,0xa783aada47737903f09f3bf8ede0c3efcfd7a9e0,0xa783aada47737903f09f3bf8ede0c3efcfd7a9e0,1726446072
hashdit_address_api_risk,user evaluated a high-risk address 1 time(s). Please do your own research (DYOR) when interacting with this address.,https://dappbay.bnbchain.org/risk-scanner/0x55fc75287615fb24f97c35e6987555e500bee0de,1,0x55fc75287615fb24f97c35e6987555e500bee0de,address,56,0x55fc75287615fb24f97c35e6987555e500bee0de,0x55fc75287615fb24f97c35e6987555e500bee0de,1726446072
hashdit_address_api_risk,user evaluated a high-risk address 1 time(s). Please do your own research (DYOR) when interacting with this address.,https://dappbay.bnbchain.org/risk-scanner/0x24de9d760cf9e88c1d6ec80aaea38db0374d1e4e,1,0x24de9d760cf9e88c1d6ec80aaea38db0374d1e4e,address,56,0x24de9d760cf9e88c1d6ec80aaea38db0374d1e4e,0x24de9d760cf9e88c1d6ec80aaea38db0374d1e4e,1726446072
hashdit_address_api_risk,user evaluated a high-risk address 1 time(s). Please do your own research (DYOR) when interacting with this address.,https://dappbay.bnbchain.org/risk-scanner/0x499d71c889cac536a37cf91c62c65f94518af3ec,1,0x499d71c889cac536a37cf91c62c65f94518af3ec,address,56,0x499d71c889cac536a37cf91c62c65f94518af3ec,0x499d71c889cac536a37cf91c62c65f94518af3ec,1726446068
hashdit_address_api_risk,user evaluated a high-risk address 1 time(s). Please do your own research (DYOR) when interacting with this address.,https://dappbay.bnbchain.org/risk-scanner/0x00000c4f651425f1ab5b441868a8d7ac44390000,1,0x00000c4f651425f1ab5b441868a8d7ac44390000,address,56,0x00000c4f651425f1ab5b441868a8d7ac44390000,0x00000c4f651425f1ab5b441868a8d7ac44390000,1726446067
hashdit_address_api_risk,user evaluated a high-risk address 1 time(s). Please do your own research (DYOR) when interacting with this address.,https://dappbay.bnbchain.org/risk-scanner/0xc714cdf99a1ea79e330b8f5f35c8092de5c1ba77,1,0xc714cdf99a1ea79e330b8f5f35c8092de5c1ba77,address,56,0xc714cdf99a1ea79e330b8f5f35c8092de5c1ba77,0xc714cdf99a1ea79e330b8f5f35c8092de5c1ba77,1726446066
hashdit_address_api_risk,user evaluated a high-risk address 1 time(s). Please do your own research (DYOR) when interacting with this address.,https://dappbay.bnbchain.org/risk-scanner/0x90c7c2c2c1218f696a80376785c57c1e45429fe1,1,0x90c7c2c2c1218f696a80376785c57c1e45429fe1,address,56,0x90c7c2c2c1218f696a80376785c57c1e45429fe1,0x90c7c2c2c1218f696a80376785c57c1e45429fe1,1726446066
hashdit_address_api_risk,user evaluated a high-risk address 1 time(s). Please do your own research (DYOR) when interacting with this address.,https://dappbay.bnbchain.org/risk-scanner/0x5d80eeb655084e6c96e01ba975d6b24d1e886ca3,1,0x5d80eeb655084e6c96e01ba975d6b24d1e886ca3,address,56,0x5d80eeb655084e6c96e01ba975d6b24d1e886ca3,0x5d80eeb655084e6c96e01ba975d6b24d1e886ca3,1726446064
hashdit_address_api_risk,user evaluated a high-risk address 1 time(s). Please do your own research (DYOR) when interacting with this address.,https://dappbay.bnbchain.org/risk-scanner/0x671ea9c1fcd1b5fdc898c4b5ea57a280030790d7,1,0x671ea9c1fcd1b5fdc898c4b5ea57a280030790d7,address,56,0x671ea9c1fcd1b5fdc898c4b5ea57a280030790d7,0x671ea9c1fcd1b5fdc898c4b5ea57a280030790d7,1726446055
hashdit_address_api_risk,user evaluated a high-risk address 11 time(s). Please do your own research (DYOR) when interacting with this address.,https://dappbay.bnbchain.org/risk-scanner/0x67d58d307e191253c6092a6d02b1394396c405ce,1,0x67d58d307e191253c6092a6d02b1394396c405ce,address,56,0x67d58d307e191253c6092a6d02b1394396c405ce,0x67d58d307e191253c6092a6d02b1394396c405ce,1726445683
hashdit_address_api_risk,user evaluated a high-risk address 10 time(s). Please do your own research (DYOR) when interacting with this address.,https://dappbay.bnbchain.org/risk-scanner/0x1b23340f5221fbd2e14f36e5b3e5d833d4d215b5,1,0x1b23340f5221fbd2e14f36e5b3e5d833d4d215b5,address,56,0x1b23340f5221fbd2e14f36e5b3e5d833d4d215b5,0x1b23340f5221fbd2e14f36e5b3e5d833d4d215b5,1726445404
hashdit_address_api_risk,user evaluated a high-risk address 75 time(s). Please do your own research (DYOR) when interacting with this address.,https://dappbay.bnbchain.org/risk-scanner/0x64e72f1568afc40641e3a525a5d925cb93ebe91a,1,0x64e72f1568afc40641e3a525a5d925cb93ebe91a,address,56,0x64e72f1568afc40641e3a525a5d925cb93ebe91a,0x64e72f1568afc40641e3a525a5d925cb93ebe91a,1726445302
hashdit_address_api_risk,user evaluated a high-risk address 81 time(s). Please do your own research (DYOR) when interacting with this address.,https://dappbay.bnbchain.org/risk-scanner/0x7cdee851050ebd22dd7ddb6dfc97c73c5c36238f,1,0x7cdee851050ebd22dd7ddb6dfc97c73c5c36238f,address,56,0x7cdee851050ebd22dd7ddb6dfc97c73c5c36238f,0x7cdee851050ebd22dd7ddb6dfc97c73c5c36238f,1726445033
hashdit_address_api_risk,user evaluated a high-risk address 82 time(s). Please do your own research (DYOR) when interacting with this address.,https://dappbay.bnbchain.org/risk-scanner/0xa8391b50d0f749d638736da56ec6421c27facb53,1,0xa8391b50d0f749d638736da56ec6421c27facb53,address,56,0xa8391b50d0f749d638736da56ec6421c27facb53,0xa8391b50d0f749d638736da56ec6421c27facb53,1726445030
hashdit_address_api_risk,user evaluated a high-risk address 81 time(s). Please do your own research (DYOR) when interacting with this address.,https://dappbay.bnbchain.org/risk-scanner/0x49f2de2d8fb38b33bbf7724aec4ad337f263c3c5,1,0x49f2de2d8fb38b33bbf7724aec4ad337f263c3c5,address,56,0x49f2de2d8fb38b33bbf7724aec4ad337f263c3c5,0x49f2de2d8fb38b33bbf7724aec4ad337f263c3c5,1726445030
hashdit_address_api_risk,user evaluated a high-risk address 81 time(s). Please do your own research (DYOR) when interacting with this address.,https://dappbay.bnbchain.org/risk-scanner/0xb709ce220eb865ca4182e783f9d7d0dddcf1718e,1,0xb709ce220eb865ca4182e783f9d7d0dddcf1718e,address,56,0xb709ce220eb865ca4182e783f9d7d0dddcf1718e,0xb709ce220eb865ca4182e783f9d7d0dddcf1718e,1726445025
hashdit_address_api_risk,user evaluated a high-risk address 81 time(s). Please do your own research (DYOR) when interacting with this address.,https://dappbay.bnbchain.org/risk-scanner/0xfbe9b351b183f076a3f0de909fef840a7ee880b6,1,0xfbe9b351b183f076a3f0de909fef840a7ee880b6,address,56,0xfbe9b351b183f076a3f0de909fef840a7ee880b6,0xfbe9b351b183f076a3f0de909fef840a7ee880b6,1726445023
hashdit_address_api_risk,user evaluated a high-risk address 81 time(s). Please do your own research (DYOR) when interacting with this address.,https://dappbay.bnbchain.org/risk-scanner/0xd41f83f9bfb74e12797f7ea2eed3bcbcb4211223,1,0xd41f83f9bfb74e12797f7ea2eed3bcbcb4211223,address,56,0xd41f83f9bfb74e12797f7ea2eed3bcbcb4211223,0xd41f83f9bfb74e12797f7ea2eed3bcbcb4211223,1726445019
hashdit_address_api_risk,user evaluated a high-risk address 81 time(s). Please do your own research (DYOR) when interacting with this address.,https://dappbay.bnbchain.org/risk-scanner/0x70e1bc7e53eaa96b74fad1696c29459829509be2,1,0x70e1bc7e53eaa96b74fad1696c29459829509be2,address,56,0x70e1bc7e53eaa96b74fad1696c29459829509be2,0x70e1bc7e53eaa96b74fad1696c29459829509be2,1726445017
hashdit_address_api_risk,user evaluated a high-risk address 81 time(s). Please do your own research (DYOR) when interacting with this address.,https://dappbay.bnbchain.org/risk-scanner/0xba968e7ac9879ee5b0248e0cdbf0e4e82771c62d,1,0xba968e7ac9879ee5b0248e0cdbf0e4e82771c62d,address,56,0xba968e7ac9879ee5b0248e0cdbf0e4e82771c62d,0xba968e7ac9879ee5b0248e0cdbf0e4e82771c62d,1726445016
hashdit_address_api_risk,user evaluated a high-risk address 81 time(s). Please do your own research (DYOR) when interacting with this address.,https://dappbay.bnbchain.org/risk-scanner/0xf653ecd11ff975da92b6ae0f6d8053cea9a06cfa,1,0xf653ecd11ff975da92b6ae0f6d8053cea9a06cfa,address,56,0xf653ecd11ff975da92b6ae0f6d8053cea9a06cfa,0xf653ecd11ff975da92b6ae0f6d8053cea9a06cfa,1726445014
hashdit_address_api_risk,user evaluated a high-risk address 81 time(s). Please do your own research (DYOR) when interacting with this address.,https://dappbay.bnbchain.org/risk-scanner/0x1d8ae95db0748dcc9a1ca87a44b408ab6b00a960,1,0x1d8ae95db0748dcc9a1ca87a44b408ab6b00a960,address,56,0x1d8ae95db0748dcc9a1ca87a44b408ab6b00a960,0x1d8ae95db0748dcc9a1ca87a44b408ab6b00a960,1726445011
hashdit_address_api_risk,user evaluated a high-risk address 81 time(s). Please do your own research (DYOR) when interacting with this address.,https://dappbay.bnbchain.org/risk-scanner/0xa8097d516f9d03545cf10c70c69ce7727e29d7a2,1,0xa8097d516f9d03545cf10c70c69ce7727e29d7a2,address,56,0xa8097d516f9d03545cf10c70c69ce7727e29d7a2,0xa8097d516f9d03545cf10c70c69ce7727e29d7a2,1726445010
hashdit_address_api_risk,user evaluated a high-risk address 81 time(s). Please do your own research (DYOR) when interacting with this address.,https://dappbay.bnbchain.org/risk-scanner/0x986e8122999d5e1642ecb9558e68d4cb767fbad1,1,0x986e8122999d5e1642ecb9558e68d4cb767fbad1,address,56,0x986e8122999d5e1642ecb9558e68d4cb767fbad1,0x986e8122999d5e1642ecb9558e68d4cb767fbad1,1726445008
hashdit_address_api_risk,user evaluated a high-risk address 81 time(s). Please do your own research (DYOR) when interacting with this address.,https://dappbay.bnbchain.org/risk-scanner/0x469258d73263812137f2130848fface6132f1d03,1,0x469258d73263812137f2130848fface6132f1d03,address,56,0x469258d73263812137f2130848fface6132f1d03,0x469258d73263812137f2130848fface6132f1d03,1726445007
hashdit_address_api_risk,user evaluated a high-risk address 81 time(s). Please do your own research (DYOR) when interacting with this address.,https://dappbay.bnbchain.org/risk-scanner/0x4017c99d3a1495dba63d5e1d3842c1cc43240500,1,0x4017c99d3a1495dba63d5e1d3842c1cc43240500,address,56,0x4017c99d3a1495dba63d5e1d3842c1cc43240500,0x4017c99d3a1495dba63d5e1d3842c1cc43240500,1726445003
hashdit_address_api_risk,user evaluated a high-risk address 81 time(s). Please do your own research (DYOR) when interacting with this address.,https://dappbay.bnbchain.org/risk-scanner/0xae8bed52f39374f5b59e3c737488eddf13d7735b,1,0xae8bed52f39374f5b59e3c737488eddf13d7735b,address,56,0xae8bed52f39374f5b59e3c737488eddf13d7735b,0xae8bed52f39374f5b59e3c737488eddf13d7735b,1726445002
hashdit_address_api_risk,user evaluated a high-risk address 81 time(s). Please do your own research (DYOR) when interacting with this address.,https://dappbay.bnbchain.org/risk-scanner/0x3bfe12d0b3d67103e0e7e9841ba9d8a56cb67847,1,0x3bfe12d0b3d67103e0e7e9841ba9d8a56cb67847,address,56,0x3bfe12d0b3d67103e0e7e9841ba9d8a56cb67847,0x3bfe12d0b3d67103e0e7e9841ba9d8a56cb67847,1726445000
hashdit_address_api_risk,user evaluated a high-risk address 81 time(s). Please do your own research (DYOR) when interacting with this address.,https://dappbay.bnbchain.org/risk-scanner/0xbea1d1f7b1467a5fd932608ba486c84753630975,1,0xbea1d1f7b1467a5fd932608ba486c84753630975,address,56,0xbea1d1f7b1467a5fd932608ba486c84753630975,0xbea1d1f7b1467a5fd932608ba486c84753630975,1726444995
hashdit_address_api_risk,user evaluated a high-risk address 81 time(s). Please do your own research (DYOR) when interacting with this address.,https://dappbay.bnbchain.org/risk-scanner/0x930791c91680ae4d204cfb98d124769ed53a2297,1,0x930791c91680ae4d204cfb98d124769ed53a2297,address,56,0x930791c91680ae4d204cfb98d124769ed53a2297,0x930791c91680ae4d204cfb98d124769ed53a2297,1726444994
hashdit_address_api_risk,user evaluated a high-risk address 85 time(s). Please do your own research (DYOR) when interacting with this address.,https://dappbay.bnbchain.org/risk-scanner/0x60aaf0037e84abed9990bd0380de52894ad8ed78,1,0x60aaf0037e84abed9990bd0380de52894ad8ed78,address,56,0x60aaf0037e84abed9990bd0380de52894ad8ed78,0x60aaf0037e84abed9990bd0380de52894ad8ed78,1726444994
hashdit_address_api_risk,user evaluated a high-risk address 81 time(s). Please do your own research (DYOR) when interacting with this address.,https://dappbay.bnbchain.org/risk-scanner/0x7baa398377ef0ddc0d36cf690ab3e107db27d739,1,0x7baa398377ef0ddc0d36cf690ab3e107db27d739,address,56,0x7baa398377ef0ddc0d36cf690ab3e107db27d739,0x7baa398377ef0ddc0d36cf690ab3e107db27d739,1726444991
hashdit_address_api_risk,user evaluated a high-risk address 162 time(s). Please do your own research (DYOR) when interacting with this address.,https://dappbay.bnbchain.org/risk-scanner/0xf0f691aaf06d59344a86e477e7befa62ad4aa26e,1,0xf0f691aaf06d59344a86e477e7befa62ad4aa26e,address,56,0xf0f691aaf06d59344a86e477e7befa62ad4aa26e,0xf0f691aaf06d59344a86e477e7befa62ad4aa26e,1726444950
hashdit_address_api_risk,user evaluated a high-risk address 162 time(s). Please do your own research (DYOR) when interacting with this address.,https://dappbay.bnbchain.org/risk-scanner/0x88145b70247879b75c75d8d09ba7d3fad9f49ec9,1,0x88145b70247879b75c75d8d09ba7d3fad9f49ec9,address,56,0x88145b70247879b75c75d8d09ba7d3fad9f49ec9,0x88145b70247879b75c75d8d09ba7d3fad9f49ec9,1726444950
