title,description,ref_link,priority,item,item_type,chain_id,address,addresses,timestamp
Risky Warning,A scam token was created by an address associated with a known bad actor,https://explorer.phalcon.xyz/tx/bsc/0x293a5e9841407ff06a25a4855c70ca2d87683574706122ab48c2ca80fcd04ef3 ,2,0x293a5e9841407ff06a25a4855c70ca2d87683574706122ab48c2ca80fcd04ef3,tx_hash,56,0x6b8c490a9440ac21fc8319785051a382ffcc7d1b,0xc37691ce283cecfe19b75301b8a4d2309d5b0d0a;0x6b8c490a9440ac21fc8319785051a382ffcc7d1b,1723419296
Risky Warning,"Detected a priviledged rugpull. When transferFrom() function called, the from address's token change is 0",https://explorer.phalcon.xyz/tx/bsc/0x218ec99ed01511bba11aa058109eb1697ac50f8c54e7f9d23b66edde48f2256d ,2,0x218ec99ed01511bba11aa058109eb1697ac50f8c54e7f9d23b66edde48f2256d,tx_hash,56,0xa535ca508986e86a87d62d732c73fb3b7b2ed4ee,0xa535ca508986e86a87d62d732c73fb3b7b2ed4ee;0x10ed43c718714eb63d5aa57b78b54704e256024e,1723419180
Risky Warning,Detected a rugpull on a token (from DEX),https://explorer.phalcon.xyz/tx/bsc/0x218ec99ed01511bba11aa058109eb1697ac50f8c54e7f9d23b66edde48f2256d ,2,0x218ec99ed01511bba11aa058109eb1697ac50f8c54e7f9d23b66edde48f2256d,tx_hash,56,0xa535ca508986e86a87d62d732c73fb3b7b2ed4ee,0xa535ca508986e86a87d62d732c73fb3b7b2ed4ee;0x10ed43c718714eb63d5aa57b78b54704e256024e;0x9c31911882f8c51c45c286994260a172c1c200d6,1723419180
Risky Warning,Detected various rugpull-like behaviors from suspicious tokens,https://explorer.phalcon.xyz/tx/bsc/0x589444571892cdb3eedf345c881b38a1170fa24cdf34693da7b266c8ee6f6c43 ,2,0x589444571892cdb3eedf345c881b38a1170fa24cdf34693da7b266c8ee6f6c43,tx_hash,56,0x93ffa3285c9ba5af10788973a06e5c63247ec5f8,0x93ffa3285c9ba5af10788973a06e5c63247ec5f8;0x5f311af5ca016303faee2a3996a4dca91e74a734,1723419162
Risky Warning,A scam token was created by an address associated with a known bad actor,https://explorer.phalcon.xyz/tx/bsc/0xded0723942a0e76241a1ecdd278f20ca97e76fb20330cdf23fefc44d384f5445 ,2,0xded0723942a0e76241a1ecdd278f20ca97e76fb20330cdf23fefc44d384f5445,tx_hash,56,0x0d50f68d5c6acbbbe01e11a19a2acf97130319ba,0x123ee4210e248c0356e6604b227eb606a895bc8f;0x0d50f68d5c6acbbbe01e11a19a2acf97130319ba,1723418248
Risky Warning,"Detected a priviledged rugpull. When transferFrom() function called, the from address's token change is 0",https://explorer.phalcon.xyz/tx/bsc/0xf5223934a4dd298168ceec9e34048b8f4f1bb26dff2d0a02cb0b8e6da9eb63da ,2,0xf5223934a4dd298168ceec9e34048b8f4f1bb26dff2d0a02cb0b8e6da9eb63da,tx_hash,56,0x68f6732d41481bf7bc6fca4da5effca04f8e3d58,0x68f6732d41481bf7bc6fca4da5effca04f8e3d58;0x10ed43c718714eb63d5aa57b78b54704e256024e,1723418167
Risky Warning,A scam token was created by an address associated with a known bad actor,https://explorer.phalcon.xyz/tx/bsc/0xb17018b8bb692d85ca6a350a4500aba03dc321e60f9c372eba6b87e589e99142 ,2,0xb17018b8bb692d85ca6a350a4500aba03dc321e60f9c372eba6b87e589e99142,tx_hash,56,0xcf7024bd061a62eb5eeeb83c34797b348276a9fb,0x595783c1b52685ffebd80ebbd0d89bd3eb7fead2;0xcf7024bd061a62eb5eeeb83c34797b348276a9fb,1723418155
Risky Warning,Detected a risky address,https://bscscan.com/address/0xbd38c47348f7d107528b0a8a5837ab0913625478 ,3,0xbd38c47348f7d107528b0a8a5837ab0913625478,address,56,0xbd38c47348f7d107528b0a8a5837ab0913625478,,1722859264
Risky Warning,"Detected a risky DEX token, please DYOR (Do Your Own Research) before interacting with it",https://www.dextools.io/app/en/bnb/pair-explorer/0x2ba8e978a802c524ce4624706b8b29b1c5374dad ,2,0xfb1f6c511af7724b7aff193f847ae6e06d8454aa,address,56,0xfb1f6c511af7724b7aff193f847ae6e06d8454aa,0x2ba8e978a802c524ce4624706b8b29b1c5374dad;0xfb1f6c511af7724b7aff193f847ae6e06d8454aa,1704931680
Risky Warning,"Detected a risky DEX token, please DYOR (Do Your Own Research) before interacting with it",https://www.dextools.io/app/en/bnb/pair-explorer/0x01ad4db0ea551fa346e6055747512a141b6ea2d6 ,2,0xf5aaa6571416b6b94517dfece95358352103a5b1,address,56,0xf5aaa6571416b6b94517dfece95358352103a5b1,0x01ad4db0ea551fa346e6055747512a141b6ea2d6;0xf5aaa6571416b6b94517dfece95358352103a5b1,1704931680
Risky Warning,"Detected a risky DEX token, please DYOR (Do Your Own Research) before interacting with it",https://www.dextools.io/app/en/bnb/pair-explorer/0xb68fbdc0bb0e650e53f8b29fe373e263291a2e05 ,2,0xeba81ee045429c65ec8493bead2686b2fc185524,address,56,0xeba81ee045429c65ec8493bead2686b2fc185524,0xb68fbdc0bb0e650e53f8b29fe373e263291a2e05;0xeba81ee045429c65ec8493bead2686b2fc185524,1704931680
Risky Warning,"Detected a risky DEX token, please DYOR (Do Your Own Research) before interacting with it",https://www.dextools.io/app/en/bnb/pair-explorer/0xa3e430d650154c517fb27cd6e61dd6fe169613bc ,2,0xead716ada6a95fc4a01f93bb53fddc18a404f508,address,56,0xead716ada6a95fc4a01f93bb53fddc18a404f508,0xa3e430d650154c517fb27cd6e61dd6fe169613bc;0xead716ada6a95fc4a01f93bb53fddc18a404f508,1704931680
Risky Warning,"Detected a risky DEX token, please DYOR (Do Your Own Research) before interacting with it",https://www.dextools.io/app/en/bnb/pair-explorer/0xde2d083380f9c83b6a6e3e25cb314030ffa7f780 ,2,0xde2d083380f9c83b6a6e3e25cb314030ffa7f780,address,56,0xde2d083380f9c83b6a6e3e25cb314030ffa7f780,0xde2d083380f9c83b6a6e3e25cb314030ffa7f780;0x76332585474635ff39cac3d1323eb74ff1c818c1,1704931680
Risky Warning,"Detected a risky DEX token, please DYOR (Do Your Own Research) before interacting with it",https://www.dextools.io/app/en/bnb/pair-explorer/0xdb73a43f4ef4f71bcdba9c8368fd3c33e0f54399 ,2,0xdb73a43f4ef4f71bcdba9c8368fd3c33e0f54399,address,56,0xdb73a43f4ef4f71bcdba9c8368fd3c33e0f54399,0xdb73a43f4ef4f71bcdba9c8368fd3c33e0f54399;0x027f065ddf5b0b8bb025ebd3ba0b7f6dc4ae8888,1704931680
Risky Warning,"Detected a risky DEX token, please DYOR (Do Your Own Research) before interacting with it",https://www.dextools.io/app/en/bnb/pair-explorer/0x9db0f7f9ce94d67cb87b97a07989f69dc5d0454e ,2,0xda4b643149adbcfdd6b32214f2cade21615c2f5e,address,56,0xda4b643149adbcfdd6b32214f2cade21615c2f5e,0x9db0f7f9ce94d67cb87b97a07989f69dc5d0454e;0xda4b643149adbcfdd6b32214f2cade21615c2f5e,1704931680
Risky Warning,"Detected a risky DEX token, please DYOR (Do Your Own Research) before interacting with it",https://www.dextools.io/app/en/bnb/pair-explorer/0xcba4e50c9c3bc1edd1a8b7b85d0684354ec538a9 ,2,0xd94add5a201798a40a04c1cf1c7e4a598bc9cded,address,56,0xd94add5a201798a40a04c1cf1c7e4a598bc9cded,0xcba4e50c9c3bc1edd1a8b7b85d0684354ec538a9;0xd94add5a201798a40a04c1cf1c7e4a598bc9cded,1704931680
Risky Warning,"Detected a risky DEX token, please DYOR (Do Your Own Research) before interacting with it",https://www.dextools.io/app/en/bnb/pair-explorer/0x8a9356d13499633bd785aa3334c5d487cbd95706 ,2,0xd7d853fb1be8318147c9ab655f7f68d361f81bf0,address,56,0xd7d853fb1be8318147c9ab655f7f68d361f81bf0,0x8a9356d13499633bd785aa3334c5d487cbd95706;0xd7d853fb1be8318147c9ab655f7f68d361f81bf0,1704931680
Risky Warning,"Detected a risky DEX token, please DYOR (Do Your Own Research) before interacting with it",https://www.dextools.io/app/en/bnb/pair-explorer/0x79b105466c7e6558f9159e96d7fcaf3520ab30f6 ,2,0xce15615dec6758825849e8d093c695e86ec0f8e0,address,56,0xce15615dec6758825849e8d093c695e86ec0f8e0,0x79b105466c7e6558f9159e96d7fcaf3520ab30f6;0xce15615dec6758825849e8d093c695e86ec0f8e0,1704931680
Risky Warning,"Detected a risky DEX token, please DYOR (Do Your Own Research) before interacting with it",https://www.dextools.io/app/en/bnb/pair-explorer/0x392438c159d2a8963ca34d64bd50fb418f3e7f92 ,2,0xcdfe22836ff59aec0736b9af4744bf090f5bf6b6,address,56,0xcdfe22836ff59aec0736b9af4744bf090f5bf6b6,0x392438c159d2a8963ca34d64bd50fb418f3e7f92;0xcdfe22836ff59aec0736b9af4744bf090f5bf6b6,1704931680
Risky Warning,"Detected a risky DEX token, please DYOR (Do Your Own Research) before interacting with it",https://www.dextools.io/app/en/bnb/pair-explorer/0xcba4e50c9c3bc1edd1a8b7b85d0684354ec538a9 ,2,0xcba4e50c9c3bc1edd1a8b7b85d0684354ec538a9,address,56,0xcba4e50c9c3bc1edd1a8b7b85d0684354ec538a9,0xcba4e50c9c3bc1edd1a8b7b85d0684354ec538a9;0xd94add5a201798a40a04c1cf1c7e4a598bc9cded,1704931680
Risky Warning,"Detected a risky DEX token, please DYOR (Do Your Own Research) before interacting with it",https://www.dextools.io/app/en/bnb/pair-explorer/0x3a460789225dde21afa6259309c5225f8f3bead4 ,2,0xc8e6c8efc4d1f636b15a1b1f291001dc929bc7d0,address,56,0xc8e6c8efc4d1f636b15a1b1f291001dc929bc7d0,0x3a460789225dde21afa6259309c5225f8f3bead4;0xc8e6c8efc4d1f636b15a1b1f291001dc929bc7d0,1704931680
Risky Warning,"Detected a risky DEX token, please DYOR (Do Your Own Research) before interacting with it",https://www.dextools.io/app/en/bnb/pair-explorer/0x69801abac1fd8bd7a54a4a93751f7ce51f62e1fa ,2,0xc4cd1b56ab11698c64a686ffc8e7cf575bcc9999,address,56,0xc4cd1b56ab11698c64a686ffc8e7cf575bcc9999,0x69801abac1fd8bd7a54a4a93751f7ce51f62e1fa;0xc4cd1b56ab11698c64a686ffc8e7cf575bcc9999,1704931680
Risky Warning,"Detected a risky DEX token, please DYOR (Do Your Own Research) before interacting with it",https://www.dextools.io/app/en/bnb/pair-explorer/0x774a42926c74467b55f59b818e3b3a60ee8f17ac ,2,0xc3be6ae5ae4e1d0af2922a79ce5b9ade66fe2614,address,56,0xc3be6ae5ae4e1d0af2922a79ce5b9ade66fe2614,0x774a42926c74467b55f59b818e3b3a60ee8f17ac;0xc3be6ae5ae4e1d0af2922a79ce5b9ade66fe2614,1704931680
Risky Warning,"Detected a risky DEX token, please DYOR (Do Your Own Research) before interacting with it",https://www.dextools.io/app/en/bnb/pair-explorer/0x45aecda61b78c03f2b7602d56792fa34e80b439e ,2,0xbb8483df8e712bd09ac068f2952b276f458f8617,address,56,0xbb8483df8e712bd09ac068f2952b276f458f8617,0x45aecda61b78c03f2b7602d56792fa34e80b439e;0xbb8483df8e712bd09ac068f2952b276f458f8617,1704931680
Risky Warning,"Detected a risky DEX token, please DYOR (Do Your Own Research) before interacting with it",https://www.dextools.io/app/en/bnb/pair-explorer/0x4111ab42e5df3400054a5751a1d220be618e0405 ,2,0xbb8483df8e712bd09ac068f2952b276f458f8617,address,56,0xbb8483df8e712bd09ac068f2952b276f458f8617,0x4111ab42e5df3400054a5751a1d220be618e0405;0xbb8483df8e712bd09ac068f2952b276f458f8617,1704931680
Risky Warning,"Detected a risky DEX token, please DYOR (Do Your Own Research) before interacting with it",https://www.dextools.io/app/en/bnb/pair-explorer/0x38706aa04a0f86ee28fa17efd15530dc4ab14e02 ,2,0xbb8483df8e712bd09ac068f2952b276f458f8617,address,56,0xbb8483df8e712bd09ac068f2952b276f458f8617,0x38706aa04a0f86ee28fa17efd15530dc4ab14e02;0xbb8483df8e712bd09ac068f2952b276f458f8617,1704931680
Risky Warning,"Detected a risky DEX token, please DYOR (Do Your Own Research) before interacting with it",https://www.dextools.io/app/en/bnb/pair-explorer/0x90a43660fe070c233cf393600926e60c6fbcd028 ,2,0xbb40cb7f135acb9062bc9181f9ebacec5376d825,address,56,0xbb40cb7f135acb9062bc9181f9ebacec5376d825,0x90a43660fe070c233cf393600926e60c6fbcd028;0xbb40cb7f135acb9062bc9181f9ebacec5376d825,1704931680
Risky Warning,"Detected a risky DEX token, please DYOR (Do Your Own Research) before interacting with it",https://www.dextools.io/app/en/bnb/pair-explorer/0xb68fbdc0bb0e650e53f8b29fe373e263291a2e05 ,2,0xb68fbdc0bb0e650e53f8b29fe373e263291a2e05,address,56,0xb68fbdc0bb0e650e53f8b29fe373e263291a2e05,0xb68fbdc0bb0e650e53f8b29fe373e263291a2e05;0xeba81ee045429c65ec8493bead2686b2fc185524,1704931680
Risky Warning,"Detected a risky DEX token, please DYOR (Do Your Own Research) before interacting with it",https://www.dextools.io/app/en/bnb/pair-explorer/0xb28dd9ebd60afb26a981e10f1881aa8d96330969 ,2,0xb28dd9ebd60afb26a981e10f1881aa8d96330969,address,56,0xb28dd9ebd60afb26a981e10f1881aa8d96330969,0xb28dd9ebd60afb26a981e10f1881aa8d96330969;0x2940566eb50f15129238f4dc599adc4f742d7d8e,1704931680
Risky Warning,"Detected a risky DEX token, please DYOR (Do Your Own Research) before interacting with it",https://www.dextools.io/app/en/bnb/pair-explorer/0x79c01759dcccd29d50def0c8aacd7c1959f5ff78 ,2,0xac9aee0cf5a73a53fc48bd976337718ed443620a,address,56,0xac9aee0cf5a73a53fc48bd976337718ed443620a,0x79c01759dcccd29d50def0c8aacd7c1959f5ff78;0xac9aee0cf5a73a53fc48bd976337718ed443620a,1704931680
Risky Warning,"Detected a risky DEX token, please DYOR (Do Your Own Research) before interacting with it",https://www.dextools.io/app/en/bnb/pair-explorer/0x123233a317eacab44069cb925042a6b20c5a5f43 ,2,0xa59ee0a119b026f51297734b169d38f71495b78a,address,56,0xa59ee0a119b026f51297734b169d38f71495b78a,0x123233a317eacab44069cb925042a6b20c5a5f43;0xa59ee0a119b026f51297734b169d38f71495b78a,1704931680
Risky Warning,"Detected a risky DEX token, please DYOR (Do Your Own Research) before interacting with it",https://www.dextools.io/app/en/bnb/pair-explorer/0xa3e430d650154c517fb27cd6e61dd6fe169613bc ,2,0xa3e430d650154c517fb27cd6e61dd6fe169613bc,address,56,0xa3e430d650154c517fb27cd6e61dd6fe169613bc,0xa3e430d650154c517fb27cd6e61dd6fe169613bc;0xead716ada6a95fc4a01f93bb53fddc18a404f508,1704931680
Risky Warning,"Detected a risky DEX token, please DYOR (Do Your Own Research) before interacting with it",https://www.dextools.io/app/en/bnb/pair-explorer/0x9db0f7f9ce94d67cb87b97a07989f69dc5d0454e ,2,0x9db0f7f9ce94d67cb87b97a07989f69dc5d0454e,address,56,0x9db0f7f9ce94d67cb87b97a07989f69dc5d0454e,0x9db0f7f9ce94d67cb87b97a07989f69dc5d0454e;0xda4b643149adbcfdd6b32214f2cade21615c2f5e,1704931680
Risky Warning,"Detected a risky DEX token, please DYOR (Do Your Own Research) before interacting with it",https://www.dextools.io/app/en/bnb/pair-explorer/0x90a43660fe070c233cf393600926e60c6fbcd028 ,2,0x90a43660fe070c233cf393600926e60c6fbcd028,address,56,0x90a43660fe070c233cf393600926e60c6fbcd028,0x90a43660fe070c233cf393600926e60c6fbcd028;0xbb40cb7f135acb9062bc9181f9ebacec5376d825,1704931680
Risky Warning,"Detected a risky DEX token, please DYOR (Do Your Own Research) before interacting with it",https://www.dextools.io/app/en/bnb/pair-explorer/0x3f204f28c9ec58d75a5a11e4c5574f5d640bc0ae ,2,0x8eca6d6530c9f21e2565518530bb3cef04d515f8,address,56,0x8eca6d6530c9f21e2565518530bb3cef04d515f8,0x3f204f28c9ec58d75a5a11e4c5574f5d640bc0ae;0x8eca6d6530c9f21e2565518530bb3cef04d515f8,1704931680
Risky Warning,"Detected a risky DEX token, please DYOR (Do Your Own Research) before interacting with it",https://www.dextools.io/app/en/bnb/pair-explorer/0x8b55f5c934cc83274d645f7256ec835b43103c05 ,2,0x8b55f5c934cc83274d645f7256ec835b43103c05,address,56,0x8b55f5c934cc83274d645f7256ec835b43103c05,0x8b55f5c934cc83274d645f7256ec835b43103c05;0x359a1a9e878c69ab1e54f19e0a1015b771360445,1704931680
Risky Warning,"Detected a risky DEX token, please DYOR (Do Your Own Research) before interacting with it",https://www.dextools.io/app/en/bnb/pair-explorer/0x8a9356d13499633bd785aa3334c5d487cbd95706 ,2,0x8a9356d13499633bd785aa3334c5d487cbd95706,address,56,0x8a9356d13499633bd785aa3334c5d487cbd95706,0x8a9356d13499633bd785aa3334c5d487cbd95706;0xd7d853fb1be8318147c9ab655f7f68d361f81bf0,1704931680
Risky Warning,"Detected a risky DEX token, please DYOR (Do Your Own Research) before interacting with it",https://www.dextools.io/app/en/bnb/pair-explorer/0x827d35b3cdb23ce5fa05802733baf814cbf0a8fa ,2,0x827d35b3cdb23ce5fa05802733baf814cbf0a8fa,address,56,0x827d35b3cdb23ce5fa05802733baf814cbf0a8fa,0x827d35b3cdb23ce5fa05802733baf814cbf0a8fa;0x10c54562b14dd5acc24bc3bc9d824665f0be61ee,1704931680
Risky Warning,"Detected a risky DEX token, please DYOR (Do Your Own Research) before interacting with it",https://www.dextools.io/app/en/bnb/pair-explorer/0x79c01759dcccd29d50def0c8aacd7c1959f5ff78 ,2,0x79c01759dcccd29d50def0c8aacd7c1959f5ff78,address,56,0x79c01759dcccd29d50def0c8aacd7c1959f5ff78,0x79c01759dcccd29d50def0c8aacd7c1959f5ff78;0xac9aee0cf5a73a53fc48bd976337718ed443620a,1704931680
Risky Warning,"Detected a risky DEX token, please DYOR (Do Your Own Research) before interacting with it",https://www.dextools.io/app/en/bnb/pair-explorer/0x79b105466c7e6558f9159e96d7fcaf3520ab30f6 ,2,0x79b105466c7e6558f9159e96d7fcaf3520ab30f6,address,56,0x79b105466c7e6558f9159e96d7fcaf3520ab30f6,0x79b105466c7e6558f9159e96d7fcaf3520ab30f6;0xce15615dec6758825849e8d093c695e86ec0f8e0,1704931680
Risky Warning,"Detected a risky DEX token, please DYOR (Do Your Own Research) before interacting with it",https://www.dextools.io/app/en/bnb/pair-explorer/0x1f0a85c9870edf8afc3e1a0bd9fe552b2de43cfd ,2,0x7809a5092e5f97c00df6b3214ee1eaf94ecc8eed,address,56,0x7809a5092e5f97c00df6b3214ee1eaf94ecc8eed,0x1f0a85c9870edf8afc3e1a0bd9fe552b2de43cfd;0x7809a5092e5f97c00df6b3214ee1eaf94ecc8eed,1704931680
Risky Warning,"Detected a risky DEX token, please DYOR (Do Your Own Research) before interacting with it",https://www.dextools.io/app/en/bnb/pair-explorer/0x3670481f040e7ba3a909bc00bed572f6d2088c20 ,2,0x7809a5092e5f97c00df6b3214ee1eaf94ecc8eed,address,56,0x7809a5092e5f97c00df6b3214ee1eaf94ecc8eed,0x3670481f040e7ba3a909bc00bed572f6d2088c20;0x7809a5092e5f97c00df6b3214ee1eaf94ecc8eed,1704931680
Risky Warning,"Detected a risky DEX token, please DYOR (Do Your Own Research) before interacting with it",https://www.dextools.io/app/en/bnb/pair-explorer/0x774a42926c74467b55f59b818e3b3a60ee8f17ac ,2,0x774a42926c74467b55f59b818e3b3a60ee8f17ac,address,56,0x774a42926c74467b55f59b818e3b3a60ee8f17ac,0x774a42926c74467b55f59b818e3b3a60ee8f17ac;0xc3be6ae5ae4e1d0af2922a79ce5b9ade66fe2614,1704931680
Risky Warning,"Detected a risky DEX token, please DYOR (Do Your Own Research) before interacting with it",https://www.dextools.io/app/en/bnb/pair-explorer/0xde2d083380f9c83b6a6e3e25cb314030ffa7f780 ,2,0x76332585474635ff39cac3d1323eb74ff1c818c1,address,56,0x76332585474635ff39cac3d1323eb74ff1c818c1,0xde2d083380f9c83b6a6e3e25cb314030ffa7f780;0x76332585474635ff39cac3d1323eb74ff1c818c1,1704931680
Risky Warning,"Detected a risky DEX token, please DYOR (Do Your Own Research) before interacting with it",https://www.dextools.io/app/en/bnb/pair-explorer/0x72d0cdb2fda46c5e85179398b5bf0ecd12f44617 ,2,0x72d0cdb2fda46c5e85179398b5bf0ecd12f44617,address,56,0x72d0cdb2fda46c5e85179398b5bf0ecd12f44617,0x72d0cdb2fda46c5e85179398b5bf0ecd12f44617;0x095d9c97695bbedaa68eaa6898dc2dd2acc32024,1704931680
Risky Warning,"Detected a risky DEX token, please DYOR (Do Your Own Research) before interacting with it",https://www.dextools.io/app/en/bnb/pair-explorer/0x69801abac1fd8bd7a54a4a93751f7ce51f62e1fa ,2,0x69801abac1fd8bd7a54a4a93751f7ce51f62e1fa,address,56,0x69801abac1fd8bd7a54a4a93751f7ce51f62e1fa,0x69801abac1fd8bd7a54a4a93751f7ce51f62e1fa;0xc4cd1b56ab11698c64a686ffc8e7cf575bcc9999,1704931680
Risky Warning,"Detected a risky DEX token, please DYOR (Do Your Own Research) before interacting with it",https://www.dextools.io/app/en/bnb/pair-explorer/0x5a9e30490fc4766e5c82e664228ca620212cc116 ,2,0x5a9e30490fc4766e5c82e664228ca620212cc116,address,56,0x5a9e30490fc4766e5c82e664228ca620212cc116,0x5a9e30490fc4766e5c82e664228ca620212cc116;0x2940566eb50f15129238f4dc599adc4f742d7d8e,1704931680
Risky Warning,"Detected a risky DEX token, please DYOR (Do Your Own Research) before interacting with it",https://www.dextools.io/app/en/bnb/pair-explorer/0x555d4f1c630e64d96efcb6b7d35ceec278789e5e ,2,0x555d4f1c630e64d96efcb6b7d35ceec278789e5e,address,56,0x555d4f1c630e64d96efcb6b7d35ceec278789e5e,0x555d4f1c630e64d96efcb6b7d35ceec278789e5e;0x240fb7bafcebfab4196e84513e8fe67985b70445,1704931680
Risky Warning,"Detected a risky DEX token, please DYOR (Do Your Own Research) before interacting with it",https://www.dextools.io/app/en/bnb/pair-explorer/0x2451824623130cf7f8115c38faaf0902c608fdd1 ,2,0x488e6f363b6a55d117918940b18f20bf33076c85,address,56,0x488e6f363b6a55d117918940b18f20bf33076c85,0x2451824623130cf7f8115c38faaf0902c608fdd1;0x488e6f363b6a55d117918940b18f20bf33076c85,1704931680
Risky Warning,"Detected a risky DEX token, please DYOR (Do Your Own Research) before interacting with it",https://www.dextools.io/app/en/bnb/pair-explorer/0x45aecda61b78c03f2b7602d56792fa34e80b439e ,2,0x45aecda61b78c03f2b7602d56792fa34e80b439e,address,56,0x45aecda61b78c03f2b7602d56792fa34e80b439e,0x45aecda61b78c03f2b7602d56792fa34e80b439e;0xbb8483df8e712bd09ac068f2952b276f458f8617,1704931680
Risky Warning,"Detected a risky DEX token, please DYOR (Do Your Own Research) before interacting with it",https://www.dextools.io/app/en/bnb/pair-explorer/0x4111ab42e5df3400054a5751a1d220be618e0405 ,2,0x4111ab42e5df3400054a5751a1d220be618e0405,address,56,0x4111ab42e5df3400054a5751a1d220be618e0405,0x4111ab42e5df3400054a5751a1d220be618e0405;0xbb8483df8e712bd09ac068f2952b276f458f8617,1704931680
Risky Warning,"Detected a risky DEX token, please DYOR (Do Your Own Research) before interacting with it",https://www.dextools.io/app/en/bnb/pair-explorer/0x40c15a14a4db9fc9ddac42afa6fe5f26274b9517 ,2,0x40c15a14a4db9fc9ddac42afa6fe5f26274b9517,address,56,0x40c15a14a4db9fc9ddac42afa6fe5f26274b9517,0x40c15a14a4db9fc9ddac42afa6fe5f26274b9517;0x2940566eb50f15129238f4dc599adc4f742d7d8e,1704931680
Risky Warning,"Detected a risky DEX token, please DYOR (Do Your Own Research) before interacting with it",https://www.dextools.io/app/en/bnb/pair-explorer/0x3f204f28c9ec58d75a5a11e4c5574f5d640bc0ae ,2,0x3f204f28c9ec58d75a5a11e4c5574f5d640bc0ae,address,56,0x3f204f28c9ec58d75a5a11e4c5574f5d640bc0ae,0x3f204f28c9ec58d75a5a11e4c5574f5d640bc0ae;0x8eca6d6530c9f21e2565518530bb3cef04d515f8,1704931680
Risky Warning,"Detected a risky DEX token, please DYOR (Do Your Own Research) before interacting with it",https://www.dextools.io/app/en/bnb/pair-explorer/0x3a460789225dde21afa6259309c5225f8f3bead4 ,2,0x3a460789225dde21afa6259309c5225f8f3bead4,address,56,0x3a460789225dde21afa6259309c5225f8f3bead4,0x3a460789225dde21afa6259309c5225f8f3bead4;0xc8e6c8efc4d1f636b15a1b1f291001dc929bc7d0,1704931680
Risky Warning,"Detected a risky DEX token, please DYOR (Do Your Own Research) before interacting with it",https://www.dextools.io/app/en/bnb/pair-explorer/0x392438c159d2a8963ca34d64bd50fb418f3e7f92 ,2,0x392438c159d2a8963ca34d64bd50fb418f3e7f92,address,56,0x392438c159d2a8963ca34d64bd50fb418f3e7f92,0x392438c159d2a8963ca34d64bd50fb418f3e7f92;0xcdfe22836ff59aec0736b9af4744bf090f5bf6b6,1704931680
Risky Warning,"Detected a risky DEX token, please DYOR (Do Your Own Research) before interacting with it",https://www.dextools.io/app/en/bnb/pair-explorer/0x38706aa04a0f86ee28fa17efd15530dc4ab14e02 ,2,0x38706aa04a0f86ee28fa17efd15530dc4ab14e02,address,56,0x38706aa04a0f86ee28fa17efd15530dc4ab14e02,0x38706aa04a0f86ee28fa17efd15530dc4ab14e02;0xbb8483df8e712bd09ac068f2952b276f458f8617,1704931680
Risky Warning,"Detected a risky DEX token, please DYOR (Do Your Own Research) before interacting with it",https://www.dextools.io/app/en/bnb/pair-explorer/0x3670481f040e7ba3a909bc00bed572f6d2088c20 ,2,0x3670481f040e7ba3a909bc00bed572f6d2088c20,address,56,0x3670481f040e7ba3a909bc00bed572f6d2088c20,0x3670481f040e7ba3a909bc00bed572f6d2088c20;0x7809a5092e5f97c00df6b3214ee1eaf94ecc8eed,1704931680
Risky Warning,"Detected a risky DEX token, please DYOR (Do Your Own Research) before interacting with it",https://www.dextools.io/app/en/bnb/pair-explorer/0x8b55f5c934cc83274d645f7256ec835b43103c05 ,2,0x359a1a9e878c69ab1e54f19e0a1015b771360445,address,56,0x359a1a9e878c69ab1e54f19e0a1015b771360445,0x8b55f5c934cc83274d645f7256ec835b43103c05;0x359a1a9e878c69ab1e54f19e0a1015b771360445,1704931680
Risky Warning,"Detected a risky DEX token, please DYOR (Do Your Own Research) before interacting with it",https://www.dextools.io/app/en/bnb/pair-explorer/0x2ba8e978a802c524ce4624706b8b29b1c5374dad ,2,0x2ba8e978a802c524ce4624706b8b29b1c5374dad,address,56,0x2ba8e978a802c524ce4624706b8b29b1c5374dad,0x2ba8e978a802c524ce4624706b8b29b1c5374dad;0xfb1f6c511af7724b7aff193f847ae6e06d8454aa,1704931680
Risky Warning,"Detected a risky DEX token, please DYOR (Do Your Own Research) before interacting with it",https://www.dextools.io/app/en/bnb/pair-explorer/0xb28dd9ebd60afb26a981e10f1881aa8d96330969 ,2,0x2940566eb50f15129238f4dc599adc4f742d7d8e,address,56,0x2940566eb50f15129238f4dc599adc4f742d7d8e,0xb28dd9ebd60afb26a981e10f1881aa8d96330969;0x2940566eb50f15129238f4dc599adc4f742d7d8e,1704931680
Risky Warning,"Detected a risky DEX token, please DYOR (Do Your Own Research) before interacting with it",https://www.dextools.io/app/en/bnb/pair-explorer/0x5a9e30490fc4766e5c82e664228ca620212cc116 ,2,0x2940566eb50f15129238f4dc599adc4f742d7d8e,address,56,0x2940566eb50f15129238f4dc599adc4f742d7d8e,0x5a9e30490fc4766e5c82e664228ca620212cc116;0x2940566eb50f15129238f4dc599adc4f742d7d8e,1704931680
Risky Warning,"Detected a risky DEX token, please DYOR (Do Your Own Research) before interacting with it",https://www.dextools.io/app/en/bnb/pair-explorer/0x40c15a14a4db9fc9ddac42afa6fe5f26274b9517 ,2,0x2940566eb50f15129238f4dc599adc4f742d7d8e,address,56,0x2940566eb50f15129238f4dc599adc4f742d7d8e,0x40c15a14a4db9fc9ddac42afa6fe5f26274b9517;0x2940566eb50f15129238f4dc599adc4f742d7d8e,1704931680
Risky Warning,"Detected a risky DEX token, please DYOR (Do Your Own Research) before interacting with it",https://www.dextools.io/app/en/bnb/pair-explorer/0x2451824623130cf7f8115c38faaf0902c608fdd1 ,2,0x2451824623130cf7f8115c38faaf0902c608fdd1,address,56,0x2451824623130cf7f8115c38faaf0902c608fdd1,0x2451824623130cf7f8115c38faaf0902c608fdd1;0x488e6f363b6a55d117918940b18f20bf33076c85,1704931680
Risky Warning,"Detected a risky DEX token, please DYOR (Do Your Own Research) before interacting with it",https://www.dextools.io/app/en/bnb/pair-explorer/0x555d4f1c630e64d96efcb6b7d35ceec278789e5e ,2,0x240fb7bafcebfab4196e84513e8fe67985b70445,address,56,0x240fb7bafcebfab4196e84513e8fe67985b70445,0x555d4f1c630e64d96efcb6b7d35ceec278789e5e;0x240fb7bafcebfab4196e84513e8fe67985b70445,1704931680
Risky Warning,"Detected a risky DEX token, please DYOR (Do Your Own Research) before interacting with it",https://www.dextools.io/app/en/bnb/pair-explorer/0x1f0a85c9870edf8afc3e1a0bd9fe552b2de43cfd ,2,0x1f0a85c9870edf8afc3e1a0bd9fe552b2de43cfd,address,56,0x1f0a85c9870edf8afc3e1a0bd9fe552b2de43cfd,0x1f0a85c9870edf8afc3e1a0bd9fe552b2de43cfd;0x7809a5092e5f97c00df6b3214ee1eaf94ecc8eed,1704931680
Risky Warning,"Detected a risky DEX token, please DYOR (Do Your Own Research) before interacting with it",https://www.dextools.io/app/en/bnb/pair-explorer/0x123233a317eacab44069cb925042a6b20c5a5f43 ,2,0x123233a317eacab44069cb925042a6b20c5a5f43,address,56,0x123233a317eacab44069cb925042a6b20c5a5f43,0x123233a317eacab44069cb925042a6b20c5a5f43;0xa59ee0a119b026f51297734b169d38f71495b78a,1704931680
Risky Warning,"Detected a risky DEX token, please DYOR (Do Your Own Research) before interacting with it",https://www.dextools.io/app/en/bnb/pair-explorer/0x827d35b3cdb23ce5fa05802733baf814cbf0a8fa ,2,0x10c54562b14dd5acc24bc3bc9d824665f0be61ee,address,56,0x10c54562b14dd5acc24bc3bc9d824665f0be61ee,0x827d35b3cdb23ce5fa05802733baf814cbf0a8fa;0x10c54562b14dd5acc24bc3bc9d824665f0be61ee,1704931680
Risky Warning,"Detected a risky DEX token, please DYOR (Do Your Own Research) before interacting with it",https://www.dextools.io/app/en/bnb/pair-explorer/0x72d0cdb2fda46c5e85179398b5bf0ecd12f44617 ,2,0x095d9c97695bbedaa68eaa6898dc2dd2acc32024,address,56,0x095d9c97695bbedaa68eaa6898dc2dd2acc32024,0x72d0cdb2fda46c5e85179398b5bf0ecd12f44617;0x095d9c97695bbedaa68eaa6898dc2dd2acc32024,1704931680
Risky Warning,"Detected a risky DEX token, please DYOR (Do Your Own Research) before interacting with it",https://www.dextools.io/app/en/bnb/pair-explorer/0xdb73a43f4ef4f71bcdba9c8368fd3c33e0f54399 ,2,0x027f065ddf5b0b8bb025ebd3ba0b7f6dc4ae8888,address,56,0x027f065ddf5b0b8bb025ebd3ba0b7f6dc4ae8888,0xdb73a43f4ef4f71bcdba9c8368fd3c33e0f54399;0x027f065ddf5b0b8bb025ebd3ba0b7f6dc4ae8888,1704931680
Risky Warning,"Detected a risky DEX token, please DYOR (Do Your Own Research) before interacting with it",https://www.dextools.io/app/en/bnb/pair-explorer/0x01ad4db0ea551fa346e6055747512a141b6ea2d6 ,2,0x01ad4db0ea551fa346e6055747512a141b6ea2d6,address,56,0x01ad4db0ea551fa346e6055747512a141b6ea2d6,0x01ad4db0ea551fa346e6055747512a141b6ea2d6;0xf5aaa6571416b6b94517dfece95358352103a5b1,1704931680
