title,description,ref_link,priority,item,item_type,chain_id,address,addresses,timestamp
Risky Warning,Detected a significant change in a token's supply which could suggest a possible rug pull risk,https://bscscan.com/token/0x4e0fe270b856eebb91fb4b4364312be59f499a3f,2,0x4e0fe270b856eebb91fb4b4364312be59f499a3f,address,56,0x4e0fe270b856eebb91fb4b4364312be59f499a3f,0x4e0fe270b856eebb91fb4b4364312be59f499a3f;0xf9e6c6c9303a885dd31d19f9f6c72c865d7156e7,1723074904
Risky Warning,A scam token was created by an address associated with a known bad actor,https://explorer.phalcon.xyz/tx/bsc/0x6ef9f15c46dd310aa9a29ec83709d0d767592b6ba556c2f97b4828cff54b540e ,2,0x6ef9f15c46dd310aa9a29ec83709d0d767592b6ba556c2f97b4828cff54b540e,tx_hash,56,0x45a0bd34f630257c78929a5572a176ea06eb6543,0x4c288156fab97312aafb4b097f80520a9edf7147;0x45a0bd34f630257c78929a5572a176ea06eb6543,1723073850
Risky Warning,"Detected a priviledged rugpull. When transferFrom() function called, the from address's token change is 0",https://explorer.phalcon.xyz/tx/bsc/0x7534df36ef9bea4faad9a217134d59751cdaca82fee58943434b25e28a10b716 ,2,0x7534df36ef9bea4faad9a217134d59751cdaca82fee58943434b25e28a10b716,tx_hash,56,0x6b56937ad97a1c5821852bf02c76848c2a98536f,0x6b56937ad97a1c5821852bf02c76848c2a98536f;0x10ed43c718714eb63d5aa57b78b54704e256024e,1723073842
Risky Warning,Detected addresses with suspicious behaviors,https://explorer.phalcon.xyz/tx/bsc/0xe372078dfd79190093fe7cfe1d773deca8fa31ea47e2c28de6f6fafe52d07d46 ,2,0xe372078dfd79190093fe7cfe1d773deca8fa31ea47e2c28de6f6fafe52d07d46,tx_hash,56,0x4e381a0fe18f4fdcc69ebd30ad1953336c60b447,0x4e381a0fe18f4fdcc69ebd30ad1953336c60b447,1723073830
Risky Warning,Detected addresses with suspicious behaviors,https://explorer.phalcon.xyz/tx/bsc/0xe372078dfd79190093fe7cfe1d773deca8fa31ea47e2c28de6f6fafe52d07d46 ,2,0xe372078dfd79190093fe7cfe1d773deca8fa31ea47e2c28de6f6fafe52d07d46,tx_hash,56,0x4e381a0fe18f4fdcc69ebd30ad1953336c60b447,0x4e381a0fe18f4fdcc69ebd30ad1953336c60b447;0x10ed43c718714eb63d5aa57b78b54704e256024e,1723073830
Risky Warning,Detected addresses with suspicious behaviors,https://explorer.phalcon.xyz/tx/bsc/0xc4e40ba15420a5cf58060635e3b5f6de719e3b759acfd3a2be1deafab2bac23a ,2,0xc4e40ba15420a5cf58060635e3b5f6de719e3b759acfd3a2be1deafab2bac23a,tx_hash,56,0x4e381a0fe18f4fdcc69ebd30ad1953336c60b447,0x4e381a0fe18f4fdcc69ebd30ad1953336c60b447;0x9bf85d462e34a03d4b9729aac185e27845a31568,1723073830
Risky Warning,Detected addresses with suspicious behaviors,https://explorer.phalcon.xyz/tx/bsc/0xb29d1bead4fde074c606d2604996c8056704afeaf459543706536cb46b3cf822 ,2,0xb29d1bead4fde074c606d2604996c8056704afeaf459543706536cb46b3cf822,tx_hash,56,0x68994170afcc2355b41088106a3fbcfa6a843845,0x4e381a0fe18f4fdcc69ebd30ad1953336c60b447;0x68994170afcc2355b41088106a3fbcfa6a843845,1723073830
Risky Warning,"Detected a priviledged rugpull. When transferFrom() function called, the from address's token change is 0",https://explorer.phalcon.xyz/tx/bsc/0xe372078dfd79190093fe7cfe1d773deca8fa31ea47e2c28de6f6fafe52d07d46 ,2,0xe372078dfd79190093fe7cfe1d773deca8fa31ea47e2c28de6f6fafe52d07d46,tx_hash,56,0x4e381a0fe18f4fdcc69ebd30ad1953336c60b447,0x4e381a0fe18f4fdcc69ebd30ad1953336c60b447;0x10ed43c718714eb63d5aa57b78b54704e256024e,1723073827
Risky Warning,Detected a rugpull on a token (from DEX),https://explorer.phalcon.xyz/tx/bsc/0xe372078dfd79190093fe7cfe1d773deca8fa31ea47e2c28de6f6fafe52d07d46 ,3,0xe372078dfd79190093fe7cfe1d773deca8fa31ea47e2c28de6f6fafe52d07d46,tx_hash,56,0x4e381a0fe18f4fdcc69ebd30ad1953336c60b447,0x4e381a0fe18f4fdcc69ebd30ad1953336c60b447;0x10ed43c718714eb63d5aa57b78b54704e256024e;0x9bf85d462e34a03d4b9729aac185e27845a31568,1723073823
Risky Warning,"Detected a priviledged rugpull. When transferFrom() function called, the from address's token change is 0",https://explorer.phalcon.xyz/tx/bsc/0xa5215511389b3b9d73f6e7700e7dc5035ff67e7f620f37a18beb6b998ed107ae ,2,0xa5215511389b3b9d73f6e7700e7dc5035ff67e7f620f37a18beb6b998ed107ae,tx_hash,56,0x585cffb7b400758379c408e7b105c308abc0a523,0x585cffb7b400758379c408e7b105c308abc0a523;0x10ed43c718714eb63d5aa57b78b54704e256024e,1723073738
Risky Warning,"Detected a priviledged rugpull. When transferFrom() function called, the from address's token change is 0",https://explorer.phalcon.xyz/tx/bsc/0x095bee674db69cd776c50eb3788c0646f2963971e4d0953dedc07ad4e6bdf061 ,2,0x095bee674db69cd776c50eb3788c0646f2963971e4d0953dedc07ad4e6bdf061,tx_hash,56,0xfb557409d3e12875e1867d50cda7a5b5f577279d,0xfb557409d3e12875e1867d50cda7a5b5f577279d;0x10ed43c718714eb63d5aa57b78b54704e256024e,1723073669
