title,description,ref_link,priority,item,item_type,chain_id,address,addresses,timestamp
Risky Warning,Detected a significant change in a token's supply which could suggest a possible rug pull risk,https://bscscan.com/token/0x52242cbab41e290e9e17ccc50cc437bb60020a9d,2,0x52242cbab41e290e9e17ccc50cc437bb60020a9d,address,56,0x52242cbab41e290e9e17ccc50cc437bb60020a9d,0x52242cbab41e290e9e17ccc50cc437bb60020a9d;0x78c0b92d26c55752897f0526967227972eca341f,1713569780
Risky Warning,Detected a potential hack contract,https://bscscan.com/address/0xd9ddf693af434727deb6afaedab014b26884b198 ,3,0xd9ddf693af434727deb6afaedab014b26884b198,address,56,0xd9ddf693af434727deb6afaedab014b26884b198,,1713569525
Risky Warning,Detected a potential hack contract,https://bscscan.com/address/0x9b4dbcb378556dda76840543377490d89e20c98c ,3,0x9b4dbcb378556dda76840543377490d89e20c98c,address,56,0x9b4dbcb378556dda76840543377490d89e20c98c,,1713569525
Risky Warning,Detected a potential hack contract,https://bscscan.com/address/0x73c956bbce8eb08cf2e7dc0917b33e6df7b13521 ,3,0x73c956bbce8eb08cf2e7dc0917b33e6df7b13521,address,56,0x73c956bbce8eb08cf2e7dc0917b33e6df7b13521,,1713569525
Risky Warning,Detected a potential hack contract,https://bscscan.com/address/0x7184d51d3d6369cca6cd72601e59c3fbf5ac26fd ,3,0x7184d51d3d6369cca6cd72601e59c3fbf5ac26fd,address,56,0x7184d51d3d6369cca6cd72601e59c3fbf5ac26fd,,1713569525
,,https://twitter.com/barbara_hagood1,3,Barbara Hagood@Trustwallet Rep _@barbara_hagood1_@Trustwallet Rep,metadata,,,,1713553566
,,https://twitter.com/barnitt97467,3,Sarah Barnitt @TrustWallet Rep _@barnitt97467_@Trustwallet Rep,metadata,,,,1713499525
